0x000;0x0000;0x0000;0x0000;0x0000;0x0000;0x0000;0x0000;0x0000;0x0000;0x0000
0x001;0x000A;0x002D;0x0002;0x0099;0xFFFFFFFF;0x0000;0xFFFFFFFF;0x0037;0x0000;0x0000
0x002;0x000A;0x002D;0x0001;0x0080;0xFFFFFFFF;0x0000;0xFFFFFFFF;0x003B;0x0000;0x0000
0x003;0x000A;0x002D;0x0002;0x00B2;0xFFFFFFFF;0x0000;0xFFFFFFFF;0x003B;0x0000;0x0000
0x004;0x0003;0x0004;0x0001;0x00F2;0x0000;0x0000;0x0000;0x0000;0x0000;0x0000
0x005;0x000A;0x002D;0x0019;0x009A;0xFFFFFFFF;0x0000;0xFFFFFFFF;0x003B;0x0000;0x0000
0x006;0x000A;0x002D;0x00E9;0x009A;0xFFFFFFFF;0x0000;0xFFFFFFFF;0x003B;0x0000;0x0000
0x007;0x000A;0x002D;0x0001;0x0070;0xFFFFFFFF;0x0000;0xFFFFFFFF;0x003C;0x0000;0x0000
0x008;0x000A;0x002D;0x002A;0x009A;0xFFFFFFFF;0x0000;0xFFFFFFFF;0x003C;0x0000;0x0000
0x009;0x000A;0x002D;0x00DA;0x009A;0xFFFFFFFF;0x0000;0xFFFFFFFF;0x003C;0x0000;0x0000
0x00A;0x000A;0x002D;0x0002;0x00C2;0xFFFFFFFF;0x0000;0xFFFFFFFF;0x003C;0x0000;0x0000
0x00B;0x000B;0x0000;0x0002;0x0098;0x0000;0x0010;0x0001;0x0000;0x0000;0x0000
0x00C;0x000A;0x0027;0x0002;0x00B1;0x0001;0x0000;0x0001;0x0000;0x0000;0x0000
0x00D;0x000A;0x0027;0x0019;0x0099;0x0001;0x0000;0x0001;0x0000;0x0000;0x0000
0x00E;0x000A;0x0027;0x0002;0x0081;0x0001;0x0000;0x0001;0x0000;0x0000;0x0000
0x00F;0x000A;0x0027;0x00EB;0x009A;0x0001;0x0000;0x0001;0x0000;0x0000;0x0000
0x010;0x000A;0x0036;0x0002;0x0099;0x0001;0x0000;0x0021;0x0000;0x0000;0x0000
0x011;0x000A;0x0027;0x00EC;0x009A;0x0001;0x0000;0x0001;0x0000;0x0000;0x0000
0x012;0x000A;0x0027;0x00EC;0x0099;0x0001;0x0000;0x0001;0x0000;0x0000;0x0000
0x013;0x000A;0x0027;0x00EB;0x0099;0x0001;0x0000;0x0001;0x0000;0x0000;0x0000
0x014;0x000A;0x0027;0x00EB;0x0098;0x0001;0x0000;0x0001;0x0000;0x0000;0x0000
0x015;0x000A;0x0027;0x00EB;0x009B;0x0001;0x0000;0x0001;0x0000;0x0000;0x0000
0x016;0x000A;0x0027;0x00EA;0x009B;0x0001;0x0000;0x0001;0x0000;0x0000;0x0000
0x017;0x000A;0x0027;0x00EA;0x0098;0x0001;0x0000;0x0001;0x0000;0x0000;0x0000
0x018;0x000A;0x0027;0x00EA;0x0097;0x0001;0x0000;0x0001;0x0000;0x0000;0x0000
0x019;0x000A;0x0027;0x00EA;0x009C;0x0001;0x0000;0x0001;0x0000;0x0000;0x0000
0x01A;0x000A;0x0027;0x0003;0x0081;0x0001;0x0000;0x0001;0x0000;0x0000;0x0000
0x01B;0x000A;0x0027;0x0001;0x0081;0x0001;0x0000;0x0001;0x0000;0x0000;0x0000
0x01C;0x000A;0x0027;0x0000;0x0080;0x0001;0x0000;0x0001;0x0000;0x0000;0x0000
0x01D;0x000A;0x0027;0x0004;0x0080;0x0001;0x0000;0x0001;0x0000;0x0000;0x0000
0x01E;0x000A;0x0027;0x0002;0x0082;0x0001;0x0000;0x0001;0x0000;0x0000;0x0000
0x01F;0x000A;0x0027;0x0018;0x0099;0x0001;0x0000;0x0001;0x0000;0x0000;0x0000
0x020;0x000A;0x0027;0x0018;0x009A;0x0001;0x0000;0x0001;0x0000;0x0000;0x0000
0x021;0x000A;0x0027;0x0019;0x009B;0x0001;0x0000;0x0001;0x0000;0x0000;0x0000
0x022;0x000A;0x0027;0x0019;0x0098;0x0001;0x0000;0x0001;0x0000;0x0000;0x0000
0x023;0x000A;0x0027;0x0002;0x00B0;0x0001;0x0000;0x0001;0x0000;0x0000;0x0000
0x024;0x000A;0x0027;0x0002;0x00AF;0x0001;0x0000;0x0001;0x0000;0x0000;0x0000
0x025;0x000A;0x0027;0x0001;0x00B0;0x0001;0x0000;0x0001;0x0000;0x0000;0x0000
0x026;0x000A;0x0027;0x0003;0x00B0;0x0001;0x0000;0x0001;0x0000;0x0000;0x0000
0x027;0x000A;0x0027;0x0004;0x00B1;0x0001;0x0000;0x0001;0x0000;0x0000;0x0000
0x028;0x000A;0x0027;0x0000;0x00B1;0x0001;0x0000;0x0001;0x0000;0x0000;0x0000
0x029;0x000B;0x0001;0x0002;0x0099;0x0001;0x0022;0x0002;0x0000;0x0000;0x0000
0x02A;0x000B;0x0000;0x0002;0x0099;0x0002;0x0011;0x0003;0x0000;0x0000;0x0000
0x02B;0x000A;0x0027;0x00DB;0x009A;0x0003;0x0000;0x0003;0x0000;0x0000;0x0000
0x02C;0x000A;0x0027;0x0002;0x0071;0x0003;0x0000;0x0003;0x0000;0x0000;0x0000
0x02D;0x000A;0x0027;0x0028;0x009A;0x0003;0x0000;0x0003;0x0000;0x0000;0x0000
0x02E;0x000A;0x0027;0x0002;0x00C1;0x0003;0x0000;0x0003;0x0000;0x0000;0x0000
0x02F;0x000A;0x0027;0x0001;0x00C2;0x0003;0x0000;0x0003;0x0000;0x0000;0x0000
0x030;0x000A;0x0027;0x0003;0x00C2;0x0003;0x0000;0x0003;0x0000;0x0000;0x0000
0x031;0x000A;0x0027;0x0029;0x0099;0x0003;0x0000;0x0003;0x0000;0x0000;0x0000
0x032;0x000A;0x0027;0x0029;0x009B;0x0003;0x0000;0x0003;0x0000;0x0000;0x0000
0x033;0x000A;0x0027;0x002A;0x0098;0x0003;0x0000;0x0003;0x0000;0x0000;0x0000
0x034;0x000A;0x0027;0x002A;0x009C;0x0003;0x0000;0x0003;0x0000;0x0000;0x0000
0x035;0x000A;0x0027;0x0000;0x00C3;0x0003;0x0000;0x0003;0x0000;0x0000;0x0000
0x036;0x000A;0x0027;0x0004;0x00C3;0x0003;0x0000;0x0003;0x0000;0x0000;0x0000
0x037;0x000A;0x0027;0x0003;0x0070;0x0003;0x0000;0x0003;0x0000;0x0000;0x0000
0x038;0x000A;0x0027;0x00DA;0x009B;0x0003;0x0000;0x0003;0x0000;0x0000;0x0000
0x039;0x000A;0x0027;0x00DA;0x0099;0x0003;0x0000;0x0003;0x0000;0x0000;0x0000
0x03A;0x000A;0x0027;0x00D9;0x009C;0x0003;0x0000;0x0003;0x0000;0x0000;0x0000
0x03B;0x000A;0x0027;0x00D9;0x0098;0x0003;0x0000;0x0003;0x0000;0x0000;0x0000
0x03C;0x000A;0x0027;0x0000;0x006F;0x0003;0x0000;0x0003;0x0000;0x0000;0x0000
0x03D;0x000A;0x0027;0x0004;0x006F;0x0003;0x0000;0x0003;0x0000;0x0000;0x0000
0x03E;0x000A;0x0027;0x0000;0x0070;0x0003;0x0000;0x0003;0x0000;0x0000;0x0000
0x03F;0x000A;0x0036;0x0002;0x0098;0x0003;0x0000;0x002D;0x0000;0x0000;0x0000
0x040;0x000B;0x0001;0x0002;0x0099;0x0003;0x002F;0x0004;0x0000;0x0000;0x0000
0x041;0x000B;0x0000;0x0002;0x0098;0x0004;0x0010;0x0005;0x0000;0x0000;0x0000
0x042;0x000A;0x0027;0x0000;0x005B;0x0005;0x0000;0x0005;0x0000;0x0000;0x0000
0x043;0x000A;0x0027;0x0001;0x00D7;0x0005;0x0000;0x0005;0x0000;0x0000;0x0000
0x044;0x000A;0x0027;0x0040;0x009C;0x0005;0x0000;0x0005;0x0000;0x0000;0x0000
0x045;0x000A;0x0027;0x00C4;0x009B;0x0005;0x0000;0x0005;0x0000;0x0000;0x0000
0x046;0x000A;0x0027;0x00D7;0x006C;0x0005;0x0000;0x0005;0x0000;0x0000;0x0000
0x047;0x000A;0x0027;0x0030;0x006F;0x0005;0x0000;0x0005;0x0000;0x0000;0x0000
0x048;0x000A;0x0027;0x0032;0x00C2;0x0005;0x0000;0x0005;0x0000;0x0000;0x0000
0x049;0x000A;0x0027;0x00DD;0x00CA;0x0005;0x0000;0x0005;0x0000;0x0000;0x0000
0x04A;0x000A;0x0027;0x00EB;0x005F;0x0005;0x0000;0x0005;0x0000;0x0000;0x0000
0x04B;0x000A;0x0027;0x001F;0x0062;0x0005;0x0000;0x0005;0x0000;0x0000;0x0000
0x04C;0x000A;0x0027;0x003D;0x0086;0x0005;0x0000;0x0005;0x0000;0x0000;0x0000
0x04D;0x000A;0x0027;0x00C9;0x0082;0x0005;0x0000;0x0005;0x0000;0x0000;0x0000
0x04E;0x000A;0x0027;0x00CD;0x00B7;0x0005;0x0000;0x0005;0x0000;0x0000;0x0000
0x04F;0x000A;0x0027;0x00EC;0x00D3;0x0005;0x0000;0x0005;0x0000;0x0000;0x0000
0x050;0x000A;0x0027;0x0024;0x00CE;0x0005;0x0000;0x0005;0x0000;0x0000;0x0000
0x051;0x000A;0x0027;0x003B;0x00B1;0x0005;0x0000;0x0005;0x0000;0x0000;0x0000
0x052;0x000A;0x0036;0x0002;0x0099;0x0005;0x0000;0x0040;0x0000;0x0000;0x0000
0x053;0x000B;0x0001;0x0002;0x009A;0x0005;0x0030;0x0006;0x0000;0x0000;0x0000
0x054;0x000B;0x0000;0x0002;0x0098;0x0006;0x0010;0x0007;0x0000;0x0000;0x0000
0x055;0x000A;0x0027;0x0012;0x0089;0x0007;0x0000;0x0007;0x0000;0x0000;0x0000
0x056;0x000A;0x0027;0x000C;0x0082;0x0007;0x0000;0x0007;0x0000;0x0000;0x0000
0x057;0x000A;0x0027;0x0018;0x008F;0x0007;0x0000;0x0007;0x0000;0x0000;0x0000
0x058;0x000A;0x0027;0x000F;0x0085;0x0007;0x0000;0x0007;0x0000;0x0000;0x0000
0x059;0x000A;0x0027;0x0015;0x008C;0x0007;0x0000;0x0007;0x0000;0x0000;0x0000
0x05A;0x000A;0x0027;0x000C;0x00AE;0x0007;0x0000;0x0007;0x0000;0x0000;0x0000
0x05B;0x000A;0x0027;0x0016;0x00A3;0x0007;0x0000;0x0007;0x0000;0x0000;0x0000
0x05C;0x000A;0x0027;0x0011;0x00A8;0x0007;0x0000;0x0007;0x0000;0x0000;0x0000
0x05D;0x000A;0x0027;0x0014;0x00A5;0x0007;0x0000;0x0007;0x0000;0x0000;0x0000
0x05E;0x000A;0x0027;0x000F;0x00AB;0x0007;0x0000;0x0007;0x0000;0x0000;0x0000
0x05F;0x000A;0x0027;0x00EE;0x00A3;0x0007;0x0000;0x0007;0x0000;0x0000;0x0000
0x060;0x000A;0x0027;0x00F8;0x00AF;0x0007;0x0000;0x0007;0x0000;0x0000;0x0000
0x061;0x000A;0x0027;0x00F3;0x00A9;0x0007;0x0000;0x0007;0x0000;0x0000;0x0000
0x062;0x000A;0x0027;0x00F0;0x00A6;0x0007;0x0000;0x0007;0x0000;0x0000;0x0000
0x063;0x000A;0x0027;0x00F6;0x00AC;0x0007;0x0000;0x0007;0x0000;0x0000;0x0000
0x064;0x000A;0x0027;0x00ED;0x0090;0x0007;0x0000;0x0007;0x0000;0x0000;0x0000
0x065;0x000A;0x0027;0x00F8;0x0082;0x0007;0x0000;0x0007;0x0000;0x0000;0x0000
0x066;0x000A;0x0027;0x00F2;0x0089;0x0007;0x0000;0x0007;0x0000;0x0000;0x0000
0x067;0x000A;0x0027;0x00F5;0x0085;0x0007;0x0000;0x0007;0x0000;0x0000;0x0000
0x068;0x000A;0x0027;0x00EF;0x008D;0x0007;0x0000;0x0007;0x0000;0x0000;0x0000
0x069;0x000A;0x0036;0x0002;0x0099;0x0007;0x0000;0x001F;0x0000;0x0000;0x0000
0x06A;0x000A;0x002D;0x0044;0x004C;0xFFFFFFFF;0x0000;0xFFFFFFFF;0x0032;0x0000;0x0000
0x06B;0x000A;0x002D;0x009A;0x00E5;0xFFFFFFFF;0x0000;0xFFFFFFFF;0x002C;0x0000;0x0000
0x06C;0x000A;0x002D;0x0073;0x000C;0x0003;0x0000;0x0003;0x0046;0x0000;0x0000
0x06D;0x000B;0x0000;0x0002;0x00C2;0x0000;0x0007;0x0009;0x0000;0x0000;0x0000
0x06E;0x000A;0x0016;0x0002;0x00C2;0x0009;0x0000;0x0009;0x0000;0x0000;0x0000
0x06F;0x000B;0x0000;0x0002;0x00B1;0x0000;0x0008;0x000A;0x0000;0x0000;0x0000
0x070;0x000A;0x004C;0x0001;0x00B2;0x000A;0x0000;0x000A;0x0000;0x0000;0x0000
0x071;0x000B;0x0000;0x002A;0x009A;0x0000;0x0007;0x000B;0x0000;0x0000;0x0000
0x072;0x000A;0x0016;0x002A;0x009A;0x000B;0x0000;0x000B;0x0000;0x0000;0x0000
0x073;0x000B;0x0000;0x001A;0x0099;0x0000;0x0008;0x000C;0x0000;0x0000;0x0000
0x074;0x000A;0x004C;0x001A;0x009A;0x000C;0x0000;0x000C;0x0000;0x0000;0x0000
0x075;0x000B;0x0000;0x0002;0x0070;0x0000;0x0007;0x000D;0x0000;0x0000;0x0000
0x076;0x000A;0x0016;0x0002;0x0070;0x000D;0x0000;0x000D;0x0000;0x0000;0x0000
0x077;0x000B;0x0000;0x0002;0x007F;0x0000;0x0007;0x000E;0x0000;0x0000;0x0000
0x078;0x000A;0x004C;0x0002;0x0080;0x000E;0x0000;0x000E;0x0000;0x0000;0x0000
0x079;0x000B;0x0000;0x00DA;0x009A;0x0000;0x0007;0x000F;0x0000;0x0000;0x0000
0x07A;0x000A;0x0016;0x00DA;0x009A;0x000F;0x0000;0x000F;0x0000;0x0000;0x0000
0x07B;0x000B;0x0000;0x00EA;0x0099;0x0000;0x0008;0x0010;0x0000;0x0000;0x0000
0x07C;0x000A;0x004C;0x00EA;0x009A;0x0010;0x0000;0x0010;0x0000;0x0000;0x0000
0x07D;0x0005;0x000E;0x0039;0x009B;0x0003;0x0000;0x0003;0x0000;0x0000;0x0000
0x07E;0x0005;0x000E;0x0038;0x0099;0x0003;0x0000;0x0003;0x0000;0x0000;0x0000
0x07F;0x0005;0x000E;0x0038;0x009B;0x0003;0x0000;0x0003;0x0000;0x0000;0x0000
0x080;0x0005;0x000E;0x0038;0x009A;0x0003;0x0000;0x0003;0x0000;0x0000;0x0000
0x081;0x0005;0x000E;0x0038;0x0098;0x0003;0x0000;0x0003;0x0000;0x0000;0x0000
0x082;0x0005;0x000E;0x0037;0x0098;0x0003;0x0000;0x0003;0x0000;0x0000;0x0000
0x083;0x0005;0x000E;0x0036;0x0098;0x0003;0x0000;0x0003;0x0000;0x0000;0x0000
0x084;0x0005;0x000E;0x0037;0x009B;0x0003;0x0000;0x0003;0x0000;0x0000;0x0000
0x085;0x0005;0x000E;0x0037;0x0099;0x0003;0x0000;0x0003;0x0000;0x0000;0x0000
0x086;0x0005;0x000E;0x0037;0x009A;0x0003;0x0000;0x0003;0x0000;0x0000;0x0000
0x087;0x0005;0x000E;0x0036;0x0099;0x0003;0x0000;0x0003;0x0000;0x0000;0x0000
0x088;0x0005;0x000E;0x0035;0x009B;0x0003;0x0000;0x0003;0x0000;0x0000;0x0000
0x089;0x0005;0x000E;0x0035;0x009A;0x0003;0x0000;0x0003;0x0000;0x0000;0x0000
0x08A;0x0005;0x000E;0x0036;0x009B;0x0003;0x0000;0x0003;0x0000;0x0000;0x0000
0x08B;0x0005;0x000E;0x0036;0x009A;0x0003;0x0000;0x0003;0x0000;0x0000;0x0000
0x08C;0x0005;0x000E;0x0035;0x0099;0x0003;0x0000;0x0003;0x0000;0x0000;0x0000
0x08D;0x0005;0x000E;0x0035;0x0098;0x0003;0x0000;0x0003;0x0000;0x0000;0x0000
0x08E;0x0005;0x000E;0x0034;0x0098;0x0003;0x0000;0x0003;0x0000;0x0000;0x0000
0x08F;0x0005;0x000E;0x0034;0x009A;0x0003;0x0000;0x0003;0x0000;0x0000;0x0000
0x090;0x0005;0x000E;0x0034;0x0099;0x0003;0x0000;0x0003;0x0000;0x0000;0x0000
0x091;0x0005;0x000E;0x0034;0x009B;0x0003;0x0000;0x0003;0x0000;0x0000;0x0000
0x092;0x0005;0x000E;0x003B;0x009B;0x0003;0x0000;0x0003;0x0000;0x0000;0x0000
0x093;0x0005;0x000E;0x0039;0x0099;0x0003;0x0000;0x0003;0x0000;0x0000;0x0000
0x094;0x0005;0x000E;0x0039;0x009A;0x0003;0x0000;0x0003;0x0000;0x0000;0x0000
0x095;0x0005;0x000E;0x0039;0x0098;0x0003;0x0000;0x0003;0x0000;0x0000;0x0000
0x096;0x0005;0x000E;0x003B;0x0098;0x0003;0x0000;0x0003;0x0000;0x0000;0x0000
0x097;0x0005;0x000E;0x003D;0x009A;0x0003;0x0000;0x0003;0x0000;0x0000;0x0000
0x098;0x000B;0x0020;0x0041;0x00E6;0x0000;0x0015;0x0008;0x0003;0x0000;0x0000
0x099;0x000A;0x002D;0x008A;0x00DC;0x0008;0x0000;0x0008;0x0015;0x0016;0x0000
0x09A;0x000A;0x002D;0x008A;0x00EE;0x0008;0x0000;0x0008;0x0015;0x001B;0x0000
0x09B;0x000F;0x0006;0x008A;0x00DB;0x0016;0x0000;0x0001;0x0005;0x0000;0x0000
0x09C;0x000F;0x000B;0x008A;0x00ED;0x001B;0x0000;0x0001;0x0005;0x0000;0x0000
0x09D;0x000A;0x0011;0x008A;0x00EE;0x001B;0x0000;0x001B;0x0002;0x0000;0x0000
0x09E;0x0002;0x0003;0x0002;0x00CB;0x0000;0xFFFF;0x0000;0x0001;0x0000;0x0000
0x09F;0x0002;0x0003;0x0002;0x0067;0x0000;0xFFFF;0x0000;0x0001;0x0000;0x0000
0x0A0;0x0002;0x0003;0x0033;0x009A;0x0000;0xFFFF;0x0000;0x0001;0x0000;0x0000
0x0A1;0x0002;0x0003;0x00D0;0x009A;0x0000;0xFFFF;0x0000;0x0001;0x0000;0x0000
0x0A2;0x000B;0x0004;0x00CE;0x00EC;0x0000;0x0012;0x001F;0x0006;0x0000;0x0000
0x0A3;0x000A;0x002D;0x004C;0x0051;0xFFFFFFFF;0x0000;0xFFFFFFFF;0x001A;0x0000;0x0000
0x0A4;0x0005;0x0003;0x002B;0x009A;0x0005;0x0000;0x0005;0x0006;0x0000;0x0000
0x0A5;0x0005;0x0003;0x00D9;0x009B;0x0007;0x0000;0x0007;0x0000;0x0000;0x0000
0x0A6;0x000F;0x000C;0x0001;0x0098;0x0000;0x0000;0x0001;0x0000;0x0000;0x0000
0x0A7;0x0005;0x0003;0x0085;0x0011;0x0001;0x0000;0x0001;0x0000;0x0000;0x0000
0x0A8;0x0005;0x0003;0x0073;0x0074;0x0001;0x0000;0x0001;0x0000;0x0000;0x0000
0x0A9;0x0005;0x0003;0x0051;0x0074;0x0001;0x0000;0x0001;0x0000;0x0000;0x0000
0x0AA;0x0005;0x0001;0x0090;0x001D;0x0000;0x0000;0x0000;0x0001;0x0000;0x0000
0x0AB;0x0005;0x0001;0x0089;0x001E;0x0000;0x0000;0x0000;0x0000;0x0000;0x0000
0x0AC;0x0005;0x0001;0x0093;0x0021;0x0000;0x0000;0x0000;0x0001;0x0000;0x0000
0x0AD;0x0005;0x0001;0x0095;0x0015;0x0000;0x0000;0x0000;0x0001;0x0000;0x0000
0x0AE;0x0005;0x0001;0x0089;0x001C;0x0000;0x0000;0x0000;0x0000;0x0000;0x0000
0x0AF;0x0005;0x0001;0x007A;0x001F;0x0000;0x0000;0x0000;0x0000;0x0000;0x0000
0x0B0;0x0005;0x0001;0x009D;0x001C;0x0000;0x0000;0x0000;0x0000;0x0000;0x0000
0x0B1;0x0005;0x0001;0x0096;0x0018;0x0000;0x0000;0x0000;0x0000;0x0000;0x0000
0x0B2;0x0005;0x0001;0x00A0;0x0016;0x0000;0x0000;0x0000;0x0000;0x0000;0x0000
0x0B3;0x0005;0x0001;0x0084;0x0019;0x0000;0x0000;0x0000;0x0000;0x0000;0x0000
0x0B4;0x0005;0x0001;0x008E;0x0016;0x0000;0x0000;0x0000;0x0000;0x0000;0x0000
0x0B5;0x0005;0x0001;0x009F;0x001B;0x0000;0x0000;0x0000;0x0000;0x0000;0x0000
0x0B6;0x0005;0x0001;0x0091;0x0014;0x0000;0x0000;0x0000;0x0000;0x0000;0x0000
0x0B7;0x0005;0x0001;0x0093;0x001B;0x0000;0x0000;0x0000;0x0000;0x0000;0x0000
0x0B8;0x0005;0x0001;0x0099;0x0018;0x0000;0x0000;0x0000;0x0000;0x0000;0x0000
0x0B9;0x0005;0x0001;0x009C;0x0019;0x0000;0x0000;0x0000;0x0000;0x0000;0x0000
0x0BA;0x0005;0x0001;0x009A;0x001B;0x0000;0x0000;0x0000;0x0000;0x0000;0x0000
0x0BB;0x0005;0x0001;0x008F;0x0022;0x0000;0x0000;0x0000;0x0000;0x0000;0x0000
0x0BC;0x0005;0x0001;0x0090;0x0019;0x0000;0x0000;0x0000;0x0000;0x0000;0x0000
0x0BD;0x0005;0x0001;0x0087;0x0021;0x0000;0x0000;0x0000;0x0000;0x0000;0x0000
0x0BE;0x0005;0x0001;0x0082;0x001C;0x0000;0x0000;0x0000;0x0000;0x0000;0x0000
0x0BF;0x0005;0x0001;0x00A3;0x0012;0x0000;0x0000;0x0000;0x0000;0x0000;0x0000
0x0C0;0x0005;0x0001;0x0082;0x0023;0x0000;0x0000;0x0000;0x0000;0x0000;0x0000
0x0C1;0x0005;0x0001;0x009F;0x0019;0x0000;0x0000;0x0000;0x0000;0x0000;0x0000
0x0C2;0x0005;0x0001;0x007F;0x0027;0x0000;0x0000;0x0000;0x0000;0x0000;0x0000
0x0C3;0x0005;0x0001;0x008A;0x0017;0x0000;0x0000;0x0000;0x0000;0x0000;0x0000
0x0C4;0x0005;0x0001;0x009A;0x0016;0x0000;0x0000;0x0000;0x0000;0x0000;0x0000
0x0C5;0x0005;0x0001;0x0093;0x001E;0x0000;0x0000;0x0000;0x0000;0x0000;0x0000
0x0C6;0x0005;0x0001;0x008C;0x001F;0x0000;0x0000;0x0000;0x0000;0x0000;0x0000
0x0C7;0x0005;0x0001;0x0081;0x0020;0x0000;0x0000;0x0000;0x0000;0x0000;0x0000
0x0C8;0x0005;0x0001;0x009C;0x0013;0x0000;0x0000;0x0000;0x0000;0x0000;0x0000
0x0C9;0x0005;0x0001;0x008E;0x0025;0x0000;0x0000;0x0000;0x0000;0x0000;0x0000
0x0CA;0x0005;0x0001;0x0097;0x001E;0x0000;0x0000;0x0000;0x0000;0x0000;0x0000
0x0CB;0x0005;0x0001;0x0086;0x0026;0x0000;0x0000;0x0000;0x0000;0x0000;0x0000
0x0CC;0x0005;0x0001;0x008B;0x001B;0x0000;0x0000;0x0000;0x0000;0x0000;0x0000
0x0CD;0x0005;0x0001;0x008B;0x0023;0x0000;0x0000;0x0000;0x0000;0x0000;0x0000
0x0CE;0x000B;0x0020;0x0029;0x002B;0x0001;0x0017;0x0011;0x0001;0x0000;0x0000
0x0CF;0x000F;0x0003;0x00A7;0x003B;0x0000;0x0000;0x0001;0x0000;0x0000;0x0000
0x0D0;0x000B;0x0020;0x0053;0x0072;0x0011;0x000F;0x0012;0x0002;0x0000;0x0000
0x0D1;0x000B;0x000C;0x0079;0x009B;0x001F;0x0004;0x0020;0x0006;0x0000;0x0000
0x0D2;0x0005;0x0002;0x0074;0x00E8;0x0004;0x0000;0x0004;0x0000;0x0000;0x0000
0x0D3;0x0005;0x0002;0x0073;0x00EB;0x0004;0x0000;0x0004;0x0000;0x0000;0x0000
0x0D4;0x0005;0x0002;0x0077;0x00EB;0x0004;0x0000;0x0004;0x0000;0x0000;0x0000
0x0D5;0x000B;0x0020;0x0096;0x0049;0x0012;0x000F;0x0013;0x0003;0x0000;0x0000
0x0D6;0x000B;0x0000;0x009D;0x009A;0x0013;0x000C;0x0014;0x0003;0x0000;0x0000
0x0D7;0x0002;0x0001;0x009D;0x009B;0x0013;0xFFFF;0x0000;0x0001;0x0000;0x0000
0x0D8;0x000A;0x0001;0x009D;0x009C;0x0014;0x0000;0x0014;0x0003;0x0000;0x0000
0x0D9;0x000A;0x0001;0x009D;0x0098;0x0014;0x0000;0x0014;0x0003;0x0000;0x0000
0x0DA;0x000A;0x0001;0x009B;0x009A;0x0014;0x0000;0x0014;0x0003;0x0000;0x0000
0x0DB;0x000A;0x0001;0x009F;0x009A;0x0014;0x0000;0x0014;0x0003;0x0000;0x0000
0x0DC;0x000A;0x0001;0x009C;0x0099;0x0014;0x0000;0x0014;0x0003;0x0000;0x0000
0x0DD;0x000A;0x0001;0x009E;0x0099;0x0014;0x0000;0x0014;0x0003;0x0000;0x0000
0x0DE;0x000A;0x0001;0x009E;0x009B;0x0014;0x0000;0x0014;0x0003;0x0000;0x0000
0x0DF;0x000A;0x0001;0x009C;0x009B;0x0014;0x0000;0x0014;0x0003;0x0000;0x0000
0x0E0;0x000A;0x003B;0x009D;0x0098;0x0013;0x0000;0x0013;0x0004;0x0000;0x0000
0x0E1;0x000A;0x003B;0x009D;0x009E;0x0013;0x0000;0x0013;0x0004;0x0000;0x0000
0x0E2;0x000A;0x003B;0x00A0;0x009B;0x0013;0x0000;0x0013;0x0004;0x0000;0x0000
0x0E3;0x000A;0x003B;0x009A;0x009B;0x0013;0x0000;0x0013;0x0004;0x0000;0x0000
0x0E4;0x000B;0x0020;0x00E4;0x0036;0x0000;0x000F;0x0015;0x0001;0x0000;0x0000
0x0E5;0x0005;0x0002;0x0061;0x0011;0x0015;0x0000;0x0015;0x0001;0x0000;0x0000
0x0E6;0x0005;0x0002;0x0063;0x000E;0x0015;0x0000;0x0015;0x0001;0x0000;0x0000
0x0E7;0x0005;0x0002;0x0066;0x000A;0x0015;0x0000;0x0015;0x0001;0x0000;0x0000
0x0E8;0x0005;0x0004;0x0096;0x0090;0x0014;0x0000;0x0014;0x0004;0x0000;0x0000
0x0E9;0x0005;0x0004;0x00A3;0x0090;0x0014;0x0000;0x0014;0x0004;0x0000;0x0000
0x0EA;0x0005;0x0004;0x00A5;0x00A3;0x0014;0x0000;0x0014;0x0004;0x0000;0x0000
0x0EB;0x0005;0x0004;0x0095;0x00A3;0x0014;0x0000;0x0014;0x0004;0x0000;0x0000
0x0EC;0x0005;0x0002;0x0075;0x00C2;0x0011;0x0000;0x0011;0x0000;0x0000;0x0000
0x0ED;0x0005;0x0002;0x0072;0x00C6;0x0011;0x0000;0x0011;0x0000;0x0000;0x0000
0x0EE;0x0005;0x0003;0x008C;0x00DA;0x0016;0x0000;0x0016;0x0000;0x0000;0x0000
0x0EF;0x0005;0x0009;0x008C;0x00DC;0x0016;0x0000;0x0016;0x0000;0x0000;0x0000
0x0F0;0x0005;0x0009;0x008A;0x00DD;0x0016;0x0000;0x0016;0x0000;0x0000;0x0000
0x0F1;0x0005;0x0009;0x0089;0x00DB;0x0016;0x0000;0x0016;0x0000;0x0000;0x0000
0x0F2;0x0005;0x0009;0x0087;0x00D7;0x0016;0x0000;0x0016;0x0000;0x0000;0x0000
0x0F3;0x0005;0x0009;0x0085;0x00D8;0x0016;0x0000;0x0016;0x0000;0x0000;0x0000
0x0F4;0x000E;0x0003;0x007A;0x00BC;0x001F;0x0000;0x001F;0x0000;0x0000;0x0000
0x0F5;0x0005;0x0009;0x0085;0x00DA;0x0016;0x0000;0x0016;0x0000;0x0000;0x0000
0x0F6;0x000A;0x002D;0x0054;0x0061;0xFFFFFFFF;0x0000;0xFFFFFFFF;0x001A;0x0000;0x0000
0x0F7;0x000A;0x002D;0x0067;0x0061;0xFFFFFFFF;0x0000;0xFFFFFFFF;0x001E;0x0000;0x0000
0x0F8;0x000E;0x0005;0x0081;0x0095;0x0005;0x0000;0x0005;0x0006;0x0000;0x0000
0x0F9;0x000E;0x0005;0x0072;0x0095;0x0005;0x0000;0x0005;0x0006;0x0000;0x0000
0x0FA;0x000E;0x0005;0x0072;0x00A0;0x0005;0x0000;0x0005;0x0006;0x0000;0x0000
0x0FB;0x000E;0x0005;0x0081;0x00A0;0x0005;0x0000;0x0005;0x0006;0x0000;0x0000
0x0FC;0x000A;0x002D;0x0075;0x0062;0xFFFFFFFF;0x0000;0xFFFFFFFF;0x001D;0x0000;0x0000
0x0FD;0x000A;0x002D;0x005C;0x005F;0xFFFFFFFF;0x0000;0xFFFFFFFF;0x0032;0x0000;0x0000
0x0FE;0x000A;0x002D;0x0060;0x0055;0xFFFFFFFF;0x0000;0xFFFFFFFF;0x0032;0x0000;0x0000
0x0FF;0x000A;0x002D;0x0057;0x0056;0xFFFFFFFF;0x0000;0xFFFFFFFF;0x001D;0x0000;0x0000
0x100;0x000A;0x002D;0x005C;0x0066;0xFFFFFFFF;0x0000;0xFFFFFFFF;0x0032;0x0000;0x0000
0x101;0x0005;0x0002;0x007A;0x00C6;0x0011;0x0000;0x0011;0x0000;0x0000;0x0000
0x102;0x000A;0x002D;0x0053;0x006C;0xFFFFFFFF;0x0000;0xFFFFFFFF;0x001A;0x0000;0x0000
0x103;0x000A;0x002D;0x0070;0x006C;0xFFFFFFFF;0x0000;0xFFFFFFFF;0x0032;0x0000;0x0000
0x104;0x0002;0x0000;0x00A3;0x0035;0x001F;0xFFFF;0x0000;0x0001;0x0000;0x0000
0x105;0x0002;0x0000;0x00A5;0x0035;0x001F;0xFFFF;0x0000;0x0001;0x0000;0x0000
0x106;0x0002;0x0000;0x00A1;0x0036;0x001F;0xFFFF;0x0000;0x0001;0x0000;0x0000
0x107;0x0000;0x0000;0x0000;0x0000;0x0000;0x0000;0x0000;0x0000;0x0000;0x0000
0x108;0x0002;0x0000;0x00A0;0x0038;0x001F;0xFFFF;0x0000;0x0001;0x0000;0x0000
0x109;0x0002;0x0000;0x00A0;0x003A;0x001F;0xFFFF;0x0000;0x0001;0x0000;0x0000
0x10A;0x0002;0x0000;0x00A1;0x003C;0x001F;0xFFFF;0x0000;0x0001;0x0000;0x0000
0x10B;0x0002;0x0000;0x00A3;0x003D;0x001F;0xFFFF;0x0000;0x0001;0x0000;0x0000
0x10C;0x0002;0x0000;0x00A5;0x003D;0x001F;0xFFFF;0x0000;0x0001;0x0000;0x0000
0x10D;0x0002;0x0000;0x00A7;0x003C;0x001F;0xFFFF;0x0000;0x0001;0x0000;0x0000
0x10E;0x0002;0x0000;0x00A8;0x003A;0x001F;0xFFFF;0x0000;0x0001;0x0000;0x0000
0x10F;0x0002;0x0000;0x00A8;0x0038;0x001F;0xFFFF;0x0000;0x0001;0x0000;0x0000
0x110;0x0002;0x0000;0x00A7;0x0036;0x001F;0xFFFF;0x0000;0x0001;0x0000;0x0000
0x111;0x0000;0x0006;0x0009;0x0034;0x001C;0x0000;0x001C;0x0004;0x0000;0x0000
0x112;0x000B;0x0000;0x00A4;0x0039;0x001F;0x0004;0x001C;0x0000;0x0000;0x0000
0x113;0x000E;0x0005;0x00A3;0x0039;0x001C;0x0000;0x001C;0x0000;0x0000;0x0000
0x114;0x000E;0x0005;0x00A2;0x0039;0x001C;0x0000;0x001C;0x0000;0x0000;0x0000
0x115;0x000E;0x0005;0x00A1;0x0039;0x001C;0x0000;0x001C;0x0000;0x0000;0x0000
0x116;0x000E;0x0005;0x00A5;0x0039;0x001C;0x0000;0x001C;0x0000;0x0000;0x0000
0x117;0x000E;0x0005;0x00A6;0x0039;0x001C;0x0000;0x001C;0x0000;0x0000;0x0000
0x118;0x000E;0x0005;0x00A7;0x0039;0x001C;0x0000;0x001C;0x0000;0x0000;0x0000
0x119;0x000E;0x0005;0x00A4;0x0038;0x001C;0x0000;0x001C;0x0000;0x0000;0x0000
0x11A;0x000E;0x0005;0x00A4;0x0037;0x001C;0x0000;0x001C;0x0000;0x0000;0x0000
0x11B;0x000A;0x002D;0x0079;0x009B;0xFFFFFFFF;0x0000;0xFFFFFFFF;0x0040;0x0000;0x0000
0x11C;0x0005;0x000D;0x0079;0x00B4;0x0000;0x0000;0x0000;0x0000;0x0000;0x0000
0x11D;0x0005;0x000D;0x007B;0x00B3;0x0000;0x0000;0x0000;0x0000;0x0000;0x0000
0x11E;0x0005;0x000D;0x007A;0x00B3;0x0000;0x0000;0x0000;0x0000;0x0000;0x0000
0x11F;0x0005;0x000D;0x0079;0x00B7;0x0000;0x0000;0x0000;0x0000;0x0000;0x0000
0x120;0x0005;0x000D;0x0078;0x00B7;0x0000;0x0000;0x0000;0x0000;0x0000;0x0000
0x121;0x0005;0x000D;0x0077;0x00B3;0x0000;0x0000;0x0000;0x0000;0x0000;0x0000
0x122;0x0005;0x000D;0x0076;0x00B3;0x0000;0x0000;0x0000;0x0000;0x0000;0x0000
0x123;0x0000;0x0006;0x0005;0x002F;0x001C;0x0000;0x001C;0x0004;0x0000;0x0000
0x124;0x0005;0x000D;0x007D;0x00B6;0x0000;0x0000;0x0000;0x0000;0x0000;0x0000
0x125;0x0005;0x000D;0x007C;0x00B6;0x0000;0x0000;0x0000;0x0000;0x0000;0x0000
0x126;0x0005;0x000D;0x007B;0x00B2;0x0000;0x0000;0x0000;0x0000;0x0000;0x0000
0x127;0x0000;0x0006;0x0000;0x002D;0x001C;0x0000;0x001C;0x0004;0x0000;0x0000
0x128;0x0000;0x0006;0x00FE;0x0034;0x001C;0x0000;0x001C;0x0004;0x0000;0x0000
0x129;0x0000;0x0006;0x00FE;0x0036;0x001C;0x0000;0x001C;0x0004;0x0000;0x0000
0x12A;0x0000;0x0006;0x00FD;0x0030;0x001C;0x0000;0x001C;0x0004;0x0000;0x0000
0x12B;0x0000;0x0006;0x0002;0x0032;0x001C;0x0000;0x001C;0x0004;0x0000;0x0000
0x12C;0x0000;0x0006;0x0008;0x002B;0x001C;0x0000;0x001C;0x0004;0x0000;0x0000
0x12D;0x0000;0x0006;0x0002;0x002A;0x001C;0x0000;0x001C;0x0004;0x0000;0x0000
0x12E;0x0000;0x0006;0x0006;0x0033;0x001C;0x0000;0x001C;0x0004;0x0000;0x0000
0x12F;0x0000;0x0006;0x00FD;0x002D;0x001C;0x0000;0x001C;0x0004;0x0000;0x0000
0x130;0x0000;0x003C;0x0000;0x0032;0x001C;0x0000;0x001C;0x0004;0x0000;0x0000
0x131;0x0000;0x003C;0x0003;0x002C;0x001C;0x0000;0x001C;0x0004;0x0000;0x0000
0x132;0x000B;0x0020;0x00B8;0x00B5;0x0000;0x0019;0x001D;0x0002;0x0000;0x0000
0x133;0x0005;0x0002;0x004B;0x00C8;0x001D;0x0000;0x001D;0x0002;0x0000;0x0000
0x134;0x0005;0x0002;0x0049;0x00C9;0x001D;0x0000;0x001D;0x0002;0x0000;0x0000
0x135;0x000E;0x0005;0x00A4;0x0036;0x001C;0x0000;0x001C;0x0000;0x0000;0x0000
0x136;0x000E;0x0005;0x00A4;0x003A;0x001C;0x0000;0x001C;0x0000;0x0000;0x0000
0x137;0x000E;0x0005;0x00A4;0x003B;0x001C;0x0000;0x001C;0x0000;0x0000;0x0000
0x138;0x0005;0x0002;0x0047;0x00CA;0x001D;0x0000;0x001D;0x0002;0x0000;0x0000
0x139;0x000E;0x0005;0x00A4;0x003C;0x001C;0x0000;0x001C;0x0000;0x0000;0x0000
0x13A;0x000E;0x0005;0x00A3;0x003A;0x001C;0x0000;0x001C;0x0000;0x0000;0x0000
0x13B;0x000E;0x0005;0x00A3;0x0038;0x001C;0x0000;0x001C;0x0000;0x0000;0x0000
0x13C;0x000E;0x0005;0x00A5;0x0038;0x001C;0x0000;0x001C;0x0000;0x0000;0x0000
0x13D;0x000E;0x0005;0x00A5;0x003A;0x001C;0x0000;0x001C;0x0000;0x0000;0x0000
0x13E;0x000E;0x0005;0x00A2;0x003B;0x001C;0x0000;0x001C;0x0000;0x0000;0x0000
0x13F;0x000E;0x0005;0x00A2;0x0037;0x001C;0x0000;0x001C;0x0000;0x0000;0x0000
0x140;0x000E;0x0005;0x00A6;0x0037;0x001C;0x0000;0x001C;0x0000;0x0000;0x0000
0x141;0x000E;0x0005;0x00A6;0x003B;0x001C;0x0000;0x001C;0x0000;0x0000;0x0000
0x142;0x0000;0x0000;0x0000;0x0000;0x0000;0x0000;0x0000;0x0000;0x0000;0x0000
0x143;0x0005;0x000D;0x007A;0x00B2;0x0000;0x0000;0x0000;0x0000;0x0000;0x0000
0x144;0x0005;0x000D;0x0079;0x00B6;0x0000;0x0000;0x0000;0x0000;0x0000;0x0000
0x145;0x0005;0x000D;0x0078;0x00B6;0x0000;0x0000;0x0000;0x0000;0x0000;0x0000
0x146;0x0005;0x000D;0x0077;0x00B2;0x0000;0x0000;0x0000;0x0000;0x0000;0x0000
0x147;0x0005;0x000D;0x0076;0x00B2;0x0000;0x0000;0x0000;0x0000;0x0000;0x0000
0x148;0x0005;0x000D;0x007D;0x00B5;0x0000;0x0000;0x0000;0x0000;0x0000;0x0000
0x149;0x0005;0x000D;0x007C;0x00B5;0x0000;0x0000;0x0000;0x0000;0x0000;0x0000
0x14A;0x0005;0x000D;0x007B;0x00B1;0x0000;0x0000;0x0000;0x0000;0x0000;0x0000
0x14B;0x0005;0x000D;0x007A;0x00B1;0x0000;0x0000;0x0000;0x0000;0x0000;0x0000
0x14C;0x0005;0x000D;0x0079;0x00B5;0x0000;0x0000;0x0000;0x0000;0x0000;0x0000
0x14D;0x0005;0x000D;0x0078;0x00B5;0x0000;0x0000;0x0000;0x0000;0x0000;0x0000
0x14E;0x0005;0x000D;0x0077;0x00B1;0x0000;0x0000;0x0000;0x0000;0x0000;0x0000
0x14F;0x0005;0x000D;0x0076;0x00B1;0x0000;0x0000;0x0000;0x0000;0x0000;0x0000
0x150;0x0005;0x000D;0x007D;0x00B4;0x0000;0x0000;0x0000;0x0000;0x0000;0x0000
0x151;0x0005;0x000D;0x007C;0x00B4;0x0000;0x0000;0x0000;0x0000;0x0000;0x0000
0x152;0x0005;0x000D;0x007B;0x00B8;0x0000;0x0000;0x0000;0x0000;0x0000;0x0000
0x153;0x0005;0x000D;0x007A;0x00B8;0x0000;0x0000;0x0000;0x0000;0x0000;0x0000
0x154;0x0005;0x000D;0x0079;0x00B4;0x0000;0x0000;0x0000;0x0000;0x0000;0x0000
0x155;0x0005;0x000D;0x0079;0x00B5;0x0000;0x0000;0x0000;0x0000;0x0000;0x0000
0x156;0x000B;0x0000;0x007A;0x009C;0x0000;0x001D;0x0017;0x0000;0x0000;0x0000
0x157;0x000A;0x003B;0x007A;0x009B;0x0017;0x0000;0x0017;0x0000;0x0000;0x0000
0x158;0x000B;0x0000;0x007A;0x009A;0x0017;0x000C;0x0018;0x0000;0x0000;0x0000
0x159;0x000A;0x0027;0x0071;0x0093;0x0018;0x0000;0x0018;0x0000;0x0000;0x0000
0x15A;0x000A;0x0027;0x0077;0x0093;0x0018;0x0000;0x0018;0x0000;0x0000;0x0000
0x15B;0x000A;0x0027;0x007E;0x0093;0x0018;0x0000;0x0018;0x0000;0x0000;0x0000
0x15C;0x000A;0x0027;0x0084;0x0093;0x0018;0x0000;0x0018;0x0000;0x0000;0x0000
0x15D;0x000A;0x0027;0x0085;0x009B;0x0018;0x0000;0x0018;0x0000;0x0000;0x0000
0x15E;0x000A;0x0027;0x0084;0x00A4;0x0018;0x0000;0x0018;0x0000;0x0000;0x0000
0x15F;0x000A;0x0027;0x007E;0x00A4;0x0018;0x0000;0x0018;0x0000;0x0000;0x0000
0x160;0x000A;0x0027;0x0077;0x00A4;0x0018;0x0000;0x0018;0x0000;0x0000;0x0000
0x161;0x000A;0x0027;0x0071;0x00A4;0x0018;0x0000;0x0018;0x0000;0x0000;0x0000
0x162;0x000A;0x0027;0x0070;0x009B;0x0018;0x0000;0x0018;0x0000;0x0000;0x0000
0x163;0x000B;0x0001;0x007A;0x0099;0x0018;0x001F;0x0019;0x0000;0x0000;0x0000
0x164;0x000B;0x0000;0x007A;0x009A;0x0019;0x000C;0x001A;0x0000;0x0000;0x0000
0x165;0x000A;0x0027;0x0077;0x0099;0x001A;0x0000;0x001A;0x0000;0x0000;0x0000
0x166;0x000A;0x0027;0x007C;0x0099;0x001A;0x0000;0x001A;0x0000;0x0000;0x0000
0x167;0x000A;0x0027;0x007C;0x009C;0x001A;0x0000;0x001A;0x0000;0x0000;0x0000
0x168;0x000A;0x0027;0x0077;0x009C;0x001A;0x0000;0x001A;0x0000;0x0000;0x0000
0x169;0x000A;0x0006;0x0075;0x0098;0x0018;0x0000;0x0018;0x0000;0x0000;0x0000
0x16A;0x000A;0x0006;0x0075;0x009D;0x0018;0x0000;0x0018;0x0000;0x0000;0x0000
0x16B;0x000A;0x0006;0x007E;0x0098;0x0018;0x0000;0x0018;0x0000;0x0000;0x0000
0x16C;0x000A;0x0006;0x007E;0x009D;0x0018;0x0000;0x0018;0x0000;0x0000;0x0000
0x16D;0x000A;0x000D;0x0078;0x009A;0x001A;0x0000;0x001A;0x0000;0x0000;0x0000
0x16E;0x000A;0x000D;0x0078;0x009B;0x001A;0x0000;0x001A;0x0000;0x0000;0x0000
0x16F;0x000A;0x000D;0x007B;0x009A;0x001A;0x0000;0x001A;0x0000;0x0000;0x0000
0x170;0x000A;0x000D;0x007B;0x009B;0x001A;0x0000;0x001A;0x0000;0x0000;0x0000
0x171;0x0000;0x002D;0x0054;0x0053;0x0000;0x0000;0x0000;0x0013;0x0000;0x0000
0x172;0x0000;0x002D;0x005A;0x0055;0x0000;0x0000;0x0000;0x0016;0x0000;0x0000
0x173;0x0000;0x002D;0x0057;0x005A;0x0000;0x0000;0x0000;0x0016;0x0000;0x0000
0x174;0x0000;0x002D;0x005E;0x005A;0x0000;0x0000;0x0000;0x0016;0x0000;0x0000
0x175;0x0000;0x002D;0x0071;0x0063;0x0000;0x0000;0x0000;0x0013;0x0000;0x0000
0x176;0x0000;0x002D;0x0065;0x0066;0x0000;0x0000;0x0000;0x0013;0x0000;0x0000
0x177;0x0000;0x002D;0x0060;0x0069;0x0000;0x0000;0x0000;0x0016;0x0000;0x0000
0x178;0x0000;0x002D;0x0074;0x005E;0x0000;0x0000;0x0000;0x0016;0x0000;0x0000
0x179;0x0000;0x002D;0x0064;0x005C;0x0000;0x0000;0x0000;0x0013;0x0000;0x0000
0x17A;0x0000;0x002D;0x0058;0x0068;0x0000;0x0000;0x0000;0x0013;0x0000;0x0000
0x17B;0x0000;0x002D;0x0061;0x0053;0x0000;0x0000;0x0000;0x0013;0x0000;0x0000
0x17C;0x0000;0x002D;0x0053;0x0059;0x0000;0x0000;0x0000;0x0016;0x0000;0x0000
0x17D;0x0000;0x002D;0x0051;0x0069;0x0000;0x0000;0x0000;0x0016;0x0000;0x0000
0x17E;0x0000;0x002D;0x0047;0x004C;0x0000;0x0000;0x0000;0x0016;0x0000;0x0000
0x17F;0x0000;0x002D;0x0047;0x0057;0x0000;0x0000;0x0000;0x0016;0x0000;0x0000
0x180;0x0000;0x002D;0x0063;0x0061;0x0000;0x0000;0x0000;0x0016;0x0000;0x0000
0x181;0x0000;0x002D;0x004C;0x0051;0x0000;0x0000;0x0000;0x0016;0x0000;0x0000
0x182;0x0000;0x002D;0x003C;0x005D;0x0000;0x0000;0x0000;0x0016;0x0000;0x0000
0x183;0x0000;0x002D;0x004C;0x0056;0x0000;0x0000;0x0000;0x0013;0x0000;0x0000
0x184;0x0000;0x002D;0x0044;0x0051;0x0000;0x0000;0x0000;0x0013;0x0000;0x0000
0x185;0x0000;0x002D;0x004E;0x004C;0x0000;0x0000;0x0000;0x0013;0x0000;0x0000
0x186;0x0000;0x002D;0x006D;0x005D;0x0000;0x0000;0x0000;0x0013;0x0000;0x0000
0x187;0x0000;0x002D;0x0051;0x005E;0x0000;0x0000;0x0000;0x0013;0x0000;0x0000
0x188;0x0000;0x002D;0x005A;0x005F;0x0000;0x0000;0x0000;0x0013;0x0000;0x0000
0x189;0x0000;0x002D;0x0053;0x0063;0x0000;0x0000;0x0000;0x0013;0x0000;0x0000
0x18A;0x0000;0x002D;0x0041;0x0056;0x0000;0x0000;0x0000;0x0013;0x0000;0x0000
0x18B;0x0000;0x002D;0x006C;0x0068;0x0000;0x0000;0x0000;0x0013;0x0000;0x0000
0x18C;0x0000;0x002D;0x005D;0x0064;0x0000;0x0000;0x0000;0x0016;0x0000;0x0000
0x18D;0x0000;0x002D;0x0042;0x004B;0x0000;0x0000;0x0000;0x0016;0x0000;0x0000
0x18E;0x0000;0x002D;0x0074;0x0059;0x0000;0x0000;0x0000;0x0016;0x0000;0x0000
0x18F;0x0000;0x000D;0x004D;0x005A;0x0000;0x0000;0x0000;0x0000;0x0000;0x0000
0x190;0x0000;0x000D;0x0040;0x005A;0x0000;0x0000;0x0000;0x0000;0x0000;0x0000
0x191;0x0000;0x000D;0x0048;0x0048;0x0000;0x0000;0x0000;0x0000;0x0000;0x0000
0x192;0x0000;0x000D;0x0055;0x005E;0x0000;0x0000;0x0000;0x0000;0x0000;0x0000
0x193;0x0000;0x000D;0x005F;0x005D;0x0000;0x0000;0x0000;0x0000;0x0000;0x0000
0x194;0x0000;0x000D;0x006F;0x0058;0x0000;0x0000;0x0000;0x0000;0x0000;0x0000
0x195;0x0000;0x000D;0x006A;0x0062;0x0000;0x0000;0x0000;0x0000;0x0000;0x0000
0x196;0x0000;0x000D;0x0064;0x0050;0x0000;0x0000;0x0000;0x0000;0x0000;0x0000
0x197;0x0000;0x000D;0x0058;0x0063;0x0000;0x0000;0x0000;0x0000;0x0000;0x0000
0x198;0x0000;0x000D;0x005C;0x006C;0x0000;0x0000;0x0000;0x0000;0x0000;0x0000
0x199;0x0000;0x000D;0x0051;0x004F;0x0000;0x0000;0x0000;0x0000;0x0000;0x0000
0x19A;0x0000;0x000D;0x0068;0x0057;0x0000;0x0000;0x0000;0x0000;0x0000;0x0000
0x19B;0x0002;0x0002;0x0094;0x00D1;0x0000;0xFFFF;0x0000;0x0001;0x0000;0x0000
0x19C;0x0002;0x0002;0x0052;0x0078;0x0000;0xFFFF;0x0000;0x0001;0x0000;0x0000
0x19D;0x0002;0x0002;0x0081;0x00F9;0x0000;0xFFFF;0x0000;0x0001;0x0000;0x0000
0x19E;0x0000;0x0008;0x004F;0x0062;0x0000;0xFFFF;0x0000;0x0001;0x0000;0x0000
0x19F;0x0000;0x0008;0x0044;0x0053;0x0000;0xFFFF;0x0000;0x0001;0x0000;0x0000
0x1A0;0x0000;0x0008;0x0046;0x0049;0x0000;0xFFFF;0x0000;0x0001;0x0000;0x0000
0x1A1;0x0000;0x0008;0x0054;0x0050;0x0000;0xFFFF;0x0000;0x0001;0x0000;0x0000
0x1A2;0x0000;0x0008;0x0051;0x0066;0x0000;0xFFFF;0x0000;0x0001;0x0000;0x0000
0x1A3;0x0000;0x0008;0x0058;0x0056;0x0000;0xFFFF;0x0000;0x0001;0x0000;0x0000
0x1A4;0x0000;0x0008;0x006E;0x0063;0x0000;0xFFFF;0x0000;0x0001;0x0000;0x0000
0x1A5;0x0000;0x0008;0x0065;0x0054;0x0000;0xFFFF;0x0000;0x0001;0x0000;0x0000
0x1A6;0x0000;0x0008;0x0061;0x0050;0x0000;0xFFFF;0x0000;0x0001;0x0000;0x0000
0x1A7;0x0000;0x0008;0x006D;0x0065;0x0000;0xFFFF;0x0000;0x0001;0x0000;0x0000
0x1A8;0x0000;0x0008;0x006A;0x005E;0x0000;0xFFFF;0x0000;0x0001;0x0000;0x0000
0x1A9;0x0000;0x0008;0x0066;0x0061;0x0000;0xFFFF;0x0000;0x0001;0x0000;0x0000
0x1AA;0x0000;0x0007;0x003E;0x0058;0x0000;0xFFFF;0x0000;0x0001;0x0000;0x0000
0x1AB;0x0000;0x0007;0x003F;0x005C;0x0000;0xFFFF;0x0000;0x0001;0x0000;0x0000
0x1AC;0x0000;0x0007;0x004B;0x0058;0x0000;0xFFFF;0x0000;0x0001;0x0000;0x0000
0x1AD;0x0000;0x0007;0x005B;0x0062;0x0000;0xFFFF;0x0000;0x0001;0x0000;0x0000
0x1AE;0x0000;0x0007;0x0068;0x005E;0x0000;0xFFFF;0x0000;0x0001;0x0000;0x0000
0x1AF;0x0000;0x0007;0x006C;0x005A;0x0000;0xFFFF;0x0000;0x0001;0x0000;0x0000
0x1B0;0x0000;0x0007;0x0072;0x005A;0x0000;0xFFFF;0x0000;0x0001;0x0000;0x0000
0x1B1;0x0000;0x0007;0x004A;0x0051;0x0000;0xFFFF;0x0000;0x0001;0x0000;0x0000
0x1B2;0x0000;0x0007;0x0043;0x004D;0x0000;0xFFFF;0x0000;0x0001;0x0000;0x0000
0x1B3;0x0000;0x0007;0x0060;0x0058;0x0000;0xFFFF;0x0000;0x0001;0x0000;0x0000
0x1B4;0x0000;0x0007;0x0061;0x005C;0x0000;0xFFFF;0x0000;0x0001;0x0000;0x0000
0x1B5;0x0000;0x0007;0x005B;0x0065;0x0000;0xFFFF;0x0000;0x0001;0x0000;0x0000
0x1B6;0x0000;0x0007;0x0047;0x004F;0x0000;0xFFFF;0x0000;0x0001;0x0000;0x0000
0x1B7;0x000A;0x003A;0x0074;0x000C;0x0003;0x0000;0x0003;0x0003;0x0000;0x0000
0x1B8;0x0003;0x0005;0x0099;0x0069;0x0000;0x0000;0x0000;0x0000;0x0000;0x0000
0x1B9;0x0000;0x0020;0x0022;0x0036;0x0000;0x001E;0x001B;0x0004;0x0000;0x0000
0x1BA;0x0000;0x002D;0x0002;0x0031;0x001B;0x0000;0x001B;0x0012;0x001C;0x0000
0x1BB;0x0000;0x0006;0x00B8;0x0071;0x001E;0x0000;0x001E;0x0006;0x0000;0x0000
0x1BC;0x0000;0x003C;0x00BB;0x006F;0x001E;0x0000;0x001E;0x0006;0x0000;0x0000
0x1BD;0x0000;0x003C;0x00B7;0x0069;0x001E;0x0000;0x001E;0x0006;0x0000;0x0000
0x1BE;0x0000;0x0006;0x00BC;0x006B;0x001E;0x0000;0x0001;0x0006;0x0000;0x0000
0x1BF;0x0000;0x000B;0x00B8;0x006E;0x001E;0x0000;0x0001;0x0006;0x0000;0x0000
0x1C0;0x0000;0x0000;0x0000;0x0000;0x0000;0x0000;0x0000;0x0000;0x0000;0x0000
0x1C1;0x0000;0x0000;0x0000;0x0000;0x0000;0x0000;0x0000;0x0000;0x0000;0x0000
0x1C2;0x0000;0x0000;0x0000;0x0000;0x0000;0x0000;0x0000;0x0000;0x0000;0x0000
0x1C3;0x0000;0x0000;0x0000;0x0000;0x0000;0x0000;0x0000;0x0000;0x0000;0x0000
0x1C4;0x0000;0x0000;0x0000;0x0000;0x0000;0x0000;0x0000;0x0000;0x0000;0x0000
0x1C5;0x0000;0x0000;0x0000;0x0000;0x0000;0x0000;0x0000;0x0000;0x0000;0x0000
0x1C6;0x0000;0x0000;0x0000;0x0000;0x0000;0x0000;0x0000;0x0000;0x0000;0x0000
0x1C7;0x0000;0x0000;0x0000;0x0000;0x0000;0x0000;0x0000;0x0000;0x0000;0x0000
0x1C8;0x0000;0x0000;0x0000;0x0000;0x0000;0x0000;0x0000;0x0000;0x0000;0x0000
0x1C9;0x0000;0x0000;0x0000;0x0000;0x0000;0x0000;0x0000;0x0000;0x0000;0x0000
0x1CA;0x0000;0x0000;0x0000;0x0000;0x0000;0x0000;0x0000;0x0000;0x0000;0x0000
0x1CB;0x0000;0x0000;0x0000;0x0000;0x0000;0x0000;0x0000;0x0000;0x0000;0x0000
0x1CC;0x0000;0x0000;0x0000;0x0000;0x0000;0x0000;0x0000;0x0000;0x0000;0x0000
0x1CD;0x0000;0x0000;0x0000;0x0000;0x0000;0x0000;0x0000;0x0000;0x0000;0x0000
0x1CE;0x0000;0x0000;0x0000;0x0000;0x0000;0x0000;0x0000;0x0000;0x0000;0x0000
0x1CF;0x0000;0x0000;0x0000;0x0000;0x0000;0x0000;0x0000;0x0000;0x0000;0x0000
0x1D0;0x0000;0x0000;0x0000;0x0000;0x0000;0x0000;0x0000;0x0000;0x0000;0x0000
0x1D1;0x0000;0x0000;0x0000;0x0000;0x0000;0x0000;0x0000;0x0000;0x0000;0x0000
0x1D2;0x0000;0x0000;0x0000;0x0000;0x0000;0x0000;0x0000;0x0000;0x0000;0x0000
0x1D3;0x0000;0x0000;0x0000;0x0000;0x0000;0x0000;0x0000;0x0000;0x0000;0x0000
0x1D4;0x0000;0x0000;0x0000;0x0000;0x0000;0x0000;0x0000;0x0000;0x0000;0x0000
0x1D5;0x0000;0x0000;0x0000;0x0000;0x0000;0x0000;0x0000;0x0000;0x0000;0x0000
0x1D6;0x0000;0x0000;0x0000;0x0000;0x0000;0x0000;0x0000;0x0000;0x0000;0x0000
0x1D7;0x0000;0x0000;0x0000;0x0000;0x0000;0x0000;0x0000;0x0000;0x0000;0x0000
0x1D8;0x0000;0x0000;0x0000;0x0000;0x0000;0x0000;0x0000;0x0000;0x0000;0x0000
0x1D9;0x0000;0x0000;0x0000;0x0000;0x0000;0x0000;0x0000;0x0000;0x0000;0x0000
0x1DA;0x0000;0x0000;0x0000;0x0000;0x0000;0x0000;0x0000;0x0000;0x0000;0x0000
0x1DB;0x0000;0x0000;0x0000;0x0000;0x0000;0x0000;0x0000;0x0000;0x0000;0x0000
0x1DC;0x0000;0x0000;0x0000;0x0000;0x0000;0x0000;0x0000;0x0000;0x0000;0x0000
0x1DD;0x0000;0x0000;0x0000;0x0000;0x0000;0x0000;0x0000;0x0000;0x0000;0x0000
0x1DE;0x0000;0x0000;0x0000;0x0000;0x0000;0x0000;0x0000;0x0000;0x0000;0x0000
0x1DF;0x0000;0x0000;0x0000;0x0000;0x0000;0x0000;0x0000;0x0000;0x0000;0x0000
0x1E0;0x0000;0x0000;0x0000;0x0000;0x0000;0x0000;0x0000;0x0000;0x0000;0x0000
0x1E1;0x0000;0x0000;0x0000;0x0000;0x0000;0x0000;0x0000;0x0000;0x0000;0x0000
0x1E2;0x0000;0x0000;0x0000;0x0000;0x0000;0x0000;0x0000;0x0000;0x0000;0x0000
0x1E3;0x0000;0x0000;0x0000;0x0000;0x0000;0x0000;0x0000;0x0000;0x0000;0x0000
0x1E4;0x0000;0x0000;0x0000;0x0000;0x0000;0x0000;0x0000;0x0000;0x0000;0x0000
0x1E5;0x0000;0x0000;0x0000;0x0000;0x0000;0x0000;0x0000;0x0000;0x0000;0x0000
0x1E6;0x0000;0x0000;0x0000;0x0000;0x0000;0x0000;0x0000;0x0000;0x0000;0x0000
0x1E7;0x0000;0x0000;0x0000;0x0000;0x0000;0x0000;0x0000;0x0000;0x0000;0x0000
0x1E8;0x0000;0x0000;0x0000;0x0000;0x0000;0x0000;0x0000;0x0000;0x0000;0x0000
0x1E9;0x0000;0x0000;0x0000;0x0000;0x0000;0x0000;0x0000;0x0000;0x0000;0x0000
0x1EA;0x0000;0x0000;0x0000;0x0000;0x0000;0x0000;0x0000;0x0000;0x0000;0x0000
0x1EB;0x0000;0x0000;0x0000;0x0000;0x0000;0x0000;0x0000;0x0000;0x0000;0x0000
0x1EC;0x0000;0x0000;0x0000;0x0000;0x0000;0x0000;0x0000;0x0000;0x0000;0x0000
0x1ED;0x0000;0x0000;0x0000;0x0000;0x0000;0x0000;0x0000;0x0000;0x0000;0x0000
0x1EE;0x0000;0x0000;0x0000;0x0000;0x0000;0x0000;0x0000;0x0000;0x0000;0x0000
0x1EF;0x0000;0x0000;0x0000;0x0000;0x0000;0x0000;0x0000;0x0000;0x0000;0x0000
0x1F0;0x0000;0x0000;0x0000;0x0000;0x0000;0x0000;0x0000;0x0000;0x0000;0x0000
0x1F1;0x0000;0x0000;0x0000;0x0000;0x0000;0x0000;0x0000;0x0000;0x0000;0x0000
0x1F2;0x0000;0x0000;0x0000;0x0000;0x0000;0x0000;0x0000;0x0000;0x0000;0x0000
0x1F3;0x0000;0x0000;0x0000;0x0000;0x0000;0x0000;0x0000;0x0000;0x0000;0x0000
0x1F4;0x0000;0x0000;0x0000;0x0000;0x0000;0x0000;0x0000;0x0000;0x0000;0x0000
0x1F5;0x0000;0x0000;0x0000;0x0000;0x0000;0x0000;0x0000;0x0000;0x0000;0x0000
0x1F6;0x0000;0x0000;0x0000;0x0000;0x0000;0x0000;0x0000;0x0000;0x0000;0x0000
0x1F7;0x0000;0x0000;0x0000;0x0000;0x0000;0x0000;0x0000;0x0000;0x0000;0x0000
0x1F8;0x0000;0x0000;0x0000;0x0000;0x0000;0x0000;0x0000;0x0000;0x0000;0x0000
0x1F9;0x0000;0x0000;0x0000;0x0000;0x0000;0x0000;0x0000;0x0000;0x0000;0x0000
0x1FA;0x0000;0x0000;0x0000;0x0000;0x0000;0x0000;0x0000;0x0000;0x0000;0x0000
0x1FB;0x0000;0x0000;0x0000;0x0000;0x0000;0x0000;0x0000;0x0000;0x0000;0x0000
0x1FC;0x0000;0x0000;0x0000;0x0000;0x0000;0x0000;0x0000;0x0000;0x0000;0x0000
0x1FD;0x0000;0x0000;0x0000;0x0000;0x0000;0x0000;0x0000;0x0000;0x0000;0x0000
0x1FE;0x0000;0x0000;0x0000;0x0000;0x0000;0x0000;0x0000;0x0000;0x0000;0x0000
0x1FF;0x0000;0x0000;0x0000;0x0000;0x0000;0x0000;0x0000;0x0000;0x0000;0x0000
0x200;0x0000;0x0000;0x0000;0x0000;0x0000;0x0000;0x0000;0x0000;0x0000;0x0000
0x201;0x0000;0x0000;0x0000;0x0000;0x0000;0x0000;0x0000;0x0000;0x0000;0x0000
0x202;0x0000;0x0000;0x0000;0x0000;0x0000;0x0000;0x0000;0x0000;0x0000;0x0000
0x203;0x0000;0x0000;0x0000;0x0000;0x0000;0x0000;0x0000;0x0000;0x0000;0x0000
0x204;0x0000;0x0000;0x0000;0x0000;0x0000;0x0000;0x0000;0x0000;0x0000;0x0000
0x205;0x0000;0x0000;0x0000;0x0000;0x0000;0x0000;0x0000;0x0000;0x0000;0x0000
0x206;0x0000;0x0000;0x0000;0x0000;0x0000;0x0000;0x0000;0x0000;0x0000;0x0000
0x207;0x0000;0x0000;0x0000;0x0000;0x0000;0x0000;0x0000;0x0000;0x0000;0x0000
0x208;0x0000;0x0000;0x0000;0x0000;0x0000;0x0000;0x0000;0x0000;0x0000;0x0000
0x209;0x0000;0x0000;0x0000;0x0000;0x0000;0x0000;0x0000;0x0000;0x0000;0x0000
0x20A;0x0000;0x0000;0x0000;0x0000;0x0000;0x0000;0x0000;0x0000;0x0000;0x0000
0x20B;0x0000;0x0000;0x0000;0x0000;0x0000;0x0000;0x0000;0x0000;0x0000;0x0000
0x20C;0x0000;0x0000;0x0000;0x0000;0x0000;0x0000;0x0000;0x0000;0x0000;0x0000
0x20D;0x0000;0x0000;0x0000;0x0000;0x0000;0x0000;0x0000;0x0000;0x0000;0x0000
0x20E;0x0000;0x0000;0x0000;0x0000;0x0000;0x0000;0x0000;0x0000;0x0000;0x0000
0x20F;0x0000;0x0000;0x0000;0x0000;0x0000;0x0000;0x0000;0x0000;0x0000;0x0000
0x210;0x0000;0x0000;0x0000;0x0000;0x0000;0x0000;0x0000;0x0000;0x0000;0x0000
0x211;0x0000;0x0000;0x0000;0x0000;0x0000;0x0000;0x0000;0x0000;0x0000;0x0000
0x212;0x0000;0x0000;0x0000;0x0000;0x0000;0x0000;0x0000;0x0000;0x0000;0x0000
0x213;0x0000;0x0000;0x0000;0x0000;0x0000;0x0000;0x0000;0x0000;0x0000;0x0000
0x214;0x0000;0x0000;0x0000;0x0000;0x0000;0x0000;0x0000;0x0000;0x0000;0x0000
0x215;0x0000;0x0000;0x0000;0x0000;0x0000;0x0000;0x0000;0x0000;0x0000;0x0000
0x216;0x0000;0x0000;0x0000;0x0000;0x0000;0x0000;0x0000;0x0000;0x0000;0x0000
0x217;0x0000;0x0000;0x0000;0x0000;0x0000;0x0000;0x0000;0x0000;0x0000;0x0000
0x218;0x0000;0x0000;0x0000;0x0000;0x0000;0x0000;0x0000;0x0000;0x0000;0x0000
0x219;0x0000;0x0000;0x0000;0x0000;0x0000;0x0000;0x0000;0x0000;0x0000;0x0000
0x21A;0x0000;0x0000;0x0000;0x0000;0x0000;0x0000;0x0000;0x0000;0x0000;0x0000
0x21B;0x0000;0x0000;0x0000;0x0000;0x0000;0x0000;0x0000;0x0000;0x0000;0x0000
0x21C;0x0000;0x0000;0x0000;0x0000;0x0000;0x0000;0x0000;0x0000;0x0000;0x0000
0x21D;0x0000;0x0000;0x0000;0x0000;0x0000;0x0000;0x0000;0x0000;0x0000;0x0000
0x21E;0x0000;0x0000;0x0000;0x0000;0x0000;0x0000;0x0000;0x0000;0x0000;0x0000
0x21F;0x0000;0x0000;0x0000;0x0000;0x0000;0x0000;0x0000;0x0000;0x0000;0x0000
0x220;0x0000;0x0000;0x0000;0x0000;0x0000;0x0000;0x0000;0x0000;0x0000;0x0000
0x221;0x0000;0x0000;0x0000;0x0000;0x0000;0x0000;0x0000;0x0000;0x0000;0x0000
0x222;0x0000;0x0000;0x0000;0x0000;0x0000;0x0000;0x0000;0x0000;0x0000;0x0000
0x223;0x0000;0x0000;0x0000;0x0000;0x0000;0x0000;0x0000;0x0000;0x0000;0x0000
0x224;0x0000;0x0000;0x0000;0x0000;0x0000;0x0000;0x0000;0x0000;0x0000;0x0000
0x225;0x0000;0x0000;0x0000;0x0000;0x0000;0x0000;0x0000;0x0000;0x0000;0x0000
0x226;0x0000;0x0000;0x0000;0x0000;0x0000;0x0000;0x0000;0x0000;0x0000;0x0000
0x227;0x0000;0x0000;0x0000;0x0000;0x0000;0x0000;0x0000;0x0000;0x0000;0x0000
0x228;0x0000;0x0000;0x0000;0x0000;0x0000;0x0000;0x0000;0x0000;0x0000;0x0000
0x229;0x0000;0x0000;0x0000;0x0000;0x0000;0x0000;0x0000;0x0000;0x0000;0x0000
0x22A;0x0000;0x0000;0x0000;0x0000;0x0000;0x0000;0x0000;0x0000;0x0000;0x0000
0x22B;0x0000;0x0000;0x0000;0x0000;0x0000;0x0000;0x0000;0x0000;0x0000;0x0000
0x22C;0x0000;0x0000;0x0000;0x0000;0x0000;0x0000;0x0000;0x0000;0x0000;0x0000
0x22D;0x0000;0x0000;0x0000;0x0000;0x0000;0x0000;0x0000;0x0000;0x0000;0x0000
0x22E;0x0000;0x0000;0x0000;0x0000;0x0000;0x0000;0x0000;0x0000;0x0000;0x0000
0x22F;0x0000;0x0000;0x0000;0x0000;0x0000;0x0000;0x0000;0x0000;0x0000;0x0000
0x230;0x0000;0x0000;0x0000;0x0000;0x0000;0x0000;0x0000;0x0000;0x0000;0x0000
0x231;0x0000;0x0000;0x0000;0x0000;0x0000;0x0000;0x0000;0x0000;0x0000;0x0000
0x232;0x0000;0x0000;0x0000;0x0000;0x0000;0x0000;0x0000;0x0000;0x0000;0x0000
0x233;0x0000;0x0000;0x0000;0x0000;0x0000;0x0000;0x0000;0x0000;0x0000;0x0000
0x234;0x0000;0x0000;0x0000;0x0000;0x0000;0x0000;0x0000;0x0000;0x0000;0x0000
0x235;0x0000;0x0000;0x0000;0x0000;0x0000;0x0000;0x0000;0x0000;0x0000;0x0000
0x236;0x0000;0x0000;0x0000;0x0000;0x0000;0x0000;0x0000;0x0000;0x0000;0x0000
0x237;0x0000;0x0000;0x0000;0x0000;0x0000;0x0000;0x0000;0x0000;0x0000;0x0000
0x238;0x0000;0x0000;0x0000;0x0000;0x0000;0x0000;0x0000;0x0000;0x0000;0x0000
0x239;0x0000;0x0000;0x0000;0x0000;0x0000;0x0000;0x0000;0x0000;0x0000;0x0000
0x23A;0x0000;0x0000;0x0000;0x0000;0x0000;0x0000;0x0000;0x0000;0x0000;0x0000
0x23B;0x0000;0x0000;0x0000;0x0000;0x0000;0x0000;0x0000;0x0000;0x0000;0x0000
0x23C;0x0000;0x0000;0x0000;0x0000;0x0000;0x0000;0x0000;0x0000;0x0000;0x0000
0x23D;0x0000;0x0000;0x0000;0x0000;0x0000;0x0000;0x0000;0x0000;0x0000;0x0000
0x23E;0x0000;0x0000;0x0000;0x0000;0x0000;0x0000;0x0000;0x0000;0x0000;0x0000
0x23F;0x0000;0x0000;0x0000;0x0000;0x0000;0x0000;0x0000;0x0000;0x0000;0x0000
0x240;0x0000;0x0000;0x0000;0x0000;0x0000;0x0000;0x0000;0x0000;0x0000;0x0000
0x241;0x0000;0x0000;0x0000;0x0000;0x0000;0x0000;0x0000;0x0000;0x0000;0x0000
0x242;0x0000;0x0000;0x0000;0x0000;0x0000;0x0000;0x0000;0x0000;0x0000;0x0000
0x243;0x0000;0x0000;0x0000;0x0000;0x0000;0x0000;0x0000;0x0000;0x0000;0x0000
0x244;0x0000;0x0000;0x0000;0x0000;0x0000;0x0000;0x0000;0x0000;0x0000;0x0000
0x245;0x0000;0x0000;0x0000;0x0000;0x0000;0x0000;0x0000;0x0000;0x0000;0x0000
0x246;0x0000;0x0000;0x0000;0x0000;0x0000;0x0000;0x0000;0x0000;0x0000;0x0000
0x247;0x0000;0x0000;0x0000;0x0000;0x0000;0x0000;0x0000;0x0000;0x0000;0x0000
0x248;0x0000;0x0000;0x0000;0x0000;0x0000;0x0000;0x0000;0x0000;0x0000;0x0000
0x249;0x0000;0x0000;0x0000;0x0000;0x0000;0x0000;0x0000;0x0000;0x0000;0x0000
0x24A;0x0000;0x0000;0x0000;0x0000;0x0000;0x0000;0x0000;0x0000;0x0000;0x0000
0x24B;0x0000;0x0000;0x0000;0x0000;0x0000;0x0000;0x0000;0x0000;0x0000;0x0000
0x24C;0x0000;0x0000;0x0000;0x0000;0x0000;0x0000;0x0000;0x0000;0x0000;0x0000
0x24D;0x0000;0x0000;0x0000;0x0000;0x0000;0x0000;0x0000;0x0000;0x0000;0x0000
0x24E;0x0000;0x0000;0x0000;0x0000;0x0000;0x0000;0x0000;0x0000;0x0000;0x0000
0x24F;0x0000;0x0000;0x0000;0x0000;0x0000;0x0000;0x0000;0x0000;0x0000;0x0000
0x250;0x0000;0x0000;0x0000;0x0000;0x0000;0x0000;0x0000;0x0000;0x0000;0x0000
0x251;0x0000;0x0000;0x0000;0x0000;0x0000;0x0000;0x0000;0x0000;0x0000;0x0000
0x252;0x0000;0x0000;0x0000;0x0000;0x0000;0x0000;0x0000;0x0000;0x0000;0x0000
0x253;0x0000;0x0000;0x0000;0x0000;0x0000;0x0000;0x0000;0x0000;0x0000;0x0000
0x254;0x0000;0x0000;0x0000;0x0000;0x0000;0x0000;0x0000;0x0000;0x0000;0x0000
0x255;0x0000;0x0000;0x0000;0x0000;0x0000;0x0000;0x0000;0x0000;0x0000;0x0000
0x256;0x0000;0x0000;0x0000;0x0000;0x0000;0x0000;0x0000;0x0000;0x0000;0x0000
0x257;0x0000;0x0000;0x0000;0x0000;0x0000;0x0000;0x0000;0x0000;0x0000;0x0000
0x258;0x0000;0x0000;0x0000;0x0000;0x0000;0x0000;0x0000;0x0000;0x0000;0x0000
0x259;0x0000;0x0000;0x0000;0x0000;0x0000;0x0000;0x0000;0x0000;0x0000;0x0000
0x25A;0x0000;0x0000;0x0000;0x0000;0x0000;0x0000;0x0000;0x0000;0x0000;0x0000
0x25B;0x0000;0x0000;0x0000;0x0000;0x0000;0x0000;0x0000;0x0000;0x0000;0x0000
0x25C;0x0000;0x0000;0x0000;0x0000;0x0000;0x0000;0x0000;0x0000;0x0000;0x0000
0x25D;0x0000;0x0000;0x0000;0x0000;0x0000;0x0000;0x0000;0x0000;0x0000;0x0000
0x25E;0x0000;0x0000;0x0000;0x0000;0x0000;0x0000;0x0000;0x0000;0x0000;0x0000
0x25F;0x0000;0x0000;0x0000;0x0000;0x0000;0x0000;0x0000;0x0000;0x0000;0x0000
0x260;0x0000;0x0000;0x0000;0x0000;0x0000;0x0000;0x0000;0x0000;0x0000;0x0000
0x261;0x0000;0x0000;0x0000;0x0000;0x0000;0x0000;0x0000;0x0000;0x0000;0x0000
0x262;0x0000;0x0000;0x0000;0x0000;0x0000;0x0000;0x0000;0x0000;0x0000;0x0000
0x263;0x0000;0x0000;0x0000;0x0000;0x0000;0x0000;0x0000;0x0000;0x0000;0x0000
0x264;0x0000;0x0000;0x0000;0x0000;0x0000;0x0000;0x0000;0x0000;0x0000;0x0000
0x265;0x0000;0x0000;0x0000;0x0000;0x0000;0x0000;0x0000;0x0000;0x0000;0x0000
0x266;0x0000;0x0000;0x0000;0x0000;0x0000;0x0000;0x0000;0x0000;0x0000;0x0000
0x267;0x0000;0x0000;0x0000;0x0000;0x0000;0x0000;0x0000;0x0000;0x0000;0x0000
0x268;0x0000;0x0000;0x0000;0x0000;0x0000;0x0000;0x0000;0x0000;0x0000;0x0000
0x269;0x0000;0x0000;0x0000;0x0000;0x0000;0x0000;0x0000;0x0000;0x0000;0x0000
0x26A;0x0000;0x0000;0x0000;0x0000;0x0000;0x0000;0x0000;0x0000;0x0000;0x0000
0x26B;0x0000;0x0000;0x0000;0x0000;0x0000;0x0000;0x0000;0x0000;0x0000;0x0000
0x26C;0x0000;0x0000;0x0000;0x0000;0x0000;0x0000;0x0000;0x0000;0x0000;0x0000
0x26D;0x0000;0x0000;0x0000;0x0000;0x0000;0x0000;0x0000;0x0000;0x0000;0x0000
0x26E;0x0000;0x0000;0x0000;0x0000;0x0000;0x0000;0x0000;0x0000;0x0000;0x0000
0x26F;0x0000;0x0000;0x0000;0x0000;0x0000;0x0000;0x0000;0x0000;0x0000;0x0000
0x270;0x0000;0x0000;0x0000;0x0000;0x0000;0x0000;0x0000;0x0000;0x0000;0x0000
0x271;0x0000;0x0000;0x0000;0x0000;0x0000;0x0000;0x0000;0x0000;0x0000;0x0000
0x272;0x0000;0x0000;0x0000;0x0000;0x0000;0x0000;0x0000;0x0000;0x0000;0x0000
0x273;0x0000;0x0000;0x0000;0x0000;0x0000;0x0000;0x0000;0x0000;0x0000;0x0000
0x274;0x0000;0x0000;0x0000;0x0000;0x0000;0x0000;0x0000;0x0000;0x0000;0x0000
0x275;0x0000;0x0000;0x0000;0x0000;0x0000;0x0000;0x0000;0x0000;0x0000;0x0000
0x276;0x0000;0x0000;0x0000;0x0000;0x0000;0x0000;0x0000;0x0000;0x0000;0x0000
0x277;0x0000;0x0000;0x0000;0x0000;0x0000;0x0000;0x0000;0x0000;0x0000;0x0000
0x278;0x0000;0x0000;0x0000;0x0000;0x0000;0x0000;0x0000;0x0000;0x0000;0x0000
0x279;0x0000;0x0000;0x0000;0x0000;0x0000;0x0000;0x0000;0x0000;0x0000;0x0000
0x27A;0x0000;0x0000;0x0000;0x0000;0x0000;0x0000;0x0000;0x0000;0x0000;0x0000
0x27B;0x0000;0x0000;0x0000;0x0000;0x0000;0x0000;0x0000;0x0000;0x0000;0x0000
0x27C;0x0000;0x0000;0x0000;0x0000;0x0000;0x0000;0x0000;0x0000;0x0000;0x0000
0x27D;0x0000;0x0000;0x0000;0x0000;0x0000;0x0000;0x0000;0x0000;0x0000;0x0000
0x27E;0x0000;0x0000;0x0000;0x0000;0x0000;0x0000;0x0000;0x0000;0x0000;0x0000
0x27F;0x0000;0x0000;0x0000;0x0000;0x0000;0x0000;0x0000;0x0000;0x0000;0x0000
0x280;0x0000;0x0000;0x0000;0x0000;0x0000;0x0000;0x0000;0x0000;0x0000;0x0000
0x281;0x0000;0x0000;0x0000;0x0000;0x0000;0x0000;0x0000;0x0000;0x0000;0x0000
0x282;0x0000;0x0000;0x0000;0x0000;0x0000;0x0000;0x0000;0x0000;0x0000;0x0000
0x283;0x0000;0x0000;0x0000;0x0000;0x0000;0x0000;0x0000;0x0000;0x0000;0x0000
0x284;0x0000;0x0000;0x0000;0x0000;0x0000;0x0000;0x0000;0x0000;0x0000;0x0000
0x285;0x0000;0x0000;0x0000;0x0000;0x0000;0x0000;0x0000;0x0000;0x0000;0x0000
0x286;0x0000;0x0000;0x0000;0x0000;0x0000;0x0000;0x0000;0x0000;0x0000;0x0000
0x287;0x0000;0x0000;0x0000;0x0000;0x0000;0x0000;0x0000;0x0000;0x0000;0x0000
0x288;0x0000;0x0000;0x0000;0x0000;0x0000;0x0000;0x0000;0x0000;0x0000;0x0000
0x289;0x0000;0x0000;0x0000;0x0000;0x0000;0x0000;0x0000;0x0000;0x0000;0x0000
0x28A;0x0000;0x0000;0x0000;0x0000;0x0000;0x0000;0x0000;0x0000;0x0000;0x0000
0x28B;0x0000;0x0000;0x0000;0x0000;0x0000;0x0000;0x0000;0x0000;0x0000;0x0000
0x28C;0x0000;0x0000;0x0000;0x0000;0x0000;0x0000;0x0000;0x0000;0x0000;0x0000
0x28D;0x0000;0x0000;0x0000;0x0000;0x0000;0x0000;0x0000;0x0000;0x0000;0x0000
0x28E;0x0000;0x0000;0x0000;0x0000;0x0000;0x0000;0x0000;0x0000;0x0000;0x0000
0x28F;0x0000;0x0000;0x0000;0x0000;0x0000;0x0000;0x0000;0x0000;0x0000;0x0000
0x290;0x0000;0x0000;0x0000;0x0000;0x0000;0x0000;0x0000;0x0000;0x0000;0x0000
0x291;0x0000;0x0000;0x0000;0x0000;0x0000;0x0000;0x0000;0x0000;0x0000;0x0000
0x292;0x0000;0x0000;0x0000;0x0000;0x0000;0x0000;0x0000;0x0000;0x0000;0x0000
0x293;0x0000;0x0000;0x0000;0x0000;0x0000;0x0000;0x0000;0x0000;0x0000;0x0000
0x294;0x0000;0x0000;0x0000;0x0000;0x0000;0x0000;0x0000;0x0000;0x0000;0x0000
0x295;0x0000;0x0000;0x0000;0x0000;0x0000;0x0000;0x0000;0x0000;0x0000;0x0000
0x296;0x0000;0x0000;0x0000;0x0000;0x0000;0x0000;0x0000;0x0000;0x0000;0x0000
0x297;0x0000;0x0000;0x0000;0x0000;0x0000;0x0000;0x0000;0x0000;0x0000;0x0000
0x298;0x0000;0x0000;0x0000;0x0000;0x0000;0x0000;0x0000;0x0000;0x0000;0x0000
0x299;0x0000;0x0000;0x0000;0x0000;0x0000;0x0000;0x0000;0x0000;0x0000;0x0000
0x29A;0x0000;0x0000;0x0000;0x0000;0x0000;0x0000;0x0000;0x0000;0x0000;0x0000
0x29B;0x0000;0x0000;0x0000;0x0000;0x0000;0x0000;0x0000;0x0000;0x0000;0x0000
0x29C;0x0000;0x0000;0x0000;0x0000;0x0000;0x0000;0x0000;0x0000;0x0000;0x0000
0x29D;0x0000;0x0000;0x0000;0x0000;0x0000;0x0000;0x0000;0x0000;0x0000;0x0000
0x29E;0x0000;0x0000;0x0000;0x0000;0x0000;0x0000;0x0000;0x0000;0x0000;0x0000
0x29F;0x0000;0x0000;0x0000;0x0000;0x0000;0x0000;0x0000;0x0000;0x0000;0x0000
0x2A0;0x0000;0x0000;0x0000;0x0000;0x0000;0x0000;0x0000;0x0000;0x0000;0x0000
0x2A1;0x0000;0x0000;0x0000;0x0000;0x0000;0x0000;0x0000;0x0000;0x0000;0x0000
0x2A2;0x0000;0x0000;0x0000;0x0000;0x0000;0x0000;0x0000;0x0000;0x0000;0x0000
0x2A3;0x0000;0x0000;0x0000;0x0000;0x0000;0x0000;0x0000;0x0000;0x0000;0x0000
0x2A4;0x0000;0x0000;0x0000;0x0000;0x0000;0x0000;0x0000;0x0000;0x0000;0x0000
0x2A5;0x0000;0x0000;0x0000;0x0000;0x0000;0x0000;0x0000;0x0000;0x0000;0x0000
0x2A6;0x0000;0x0000;0x0000;0x0000;0x0000;0x0000;0x0000;0x0000;0x0000;0x0000
0x2A7;0x0000;0x0000;0x0000;0x0000;0x0000;0x0000;0x0000;0x0000;0x0000;0x0000
0x2A8;0x0000;0x0000;0x0000;0x0000;0x0000;0x0000;0x0000;0x0000;0x0000;0x0000
0x2A9;0x0000;0x0000;0x0000;0x0000;0x0000;0x0000;0x0000;0x0000;0x0000;0x0000
0x2AA;0x0000;0x0000;0x0000;0x0000;0x0000;0x0000;0x0000;0x0000;0x0000;0x0000
0x2AB;0x0000;0x0000;0x0000;0x0000;0x0000;0x0000;0x0000;0x0000;0x0000;0x0000
0x2AC;0x0000;0x0000;0x0000;0x0000;0x0000;0x0000;0x0000;0x0000;0x0000;0x0000
0x2AD;0x0000;0x0000;0x0000;0x0000;0x0000;0x0000;0x0000;0x0000;0x0000;0x0000
0x2AE;0x0000;0x0000;0x0000;0x0000;0x0000;0x0000;0x0000;0x0000;0x0000;0x0000
0x2AF;0x0000;0x0000;0x0000;0x0000;0x0000;0x0000;0x0000;0x0000;0x0000;0x0000
0x2B0;0x0000;0x0000;0x0000;0x0000;0x0000;0x0000;0x0000;0x0000;0x0000;0x0000
0x2B1;0x0000;0x0000;0x0000;0x0000;0x0000;0x0000;0x0000;0x0000;0x0000;0x0000
0x2B2;0x0000;0x0000;0x0000;0x0000;0x0000;0x0000;0x0000;0x0000;0x0000;0x0000
0x2B3;0x0000;0x0000;0x0000;0x0000;0x0000;0x0000;0x0000;0x0000;0x0000;0x0000
0x2B4;0x0000;0x0000;0x0000;0x0000;0x0000;0x0000;0x0000;0x0000;0x0000;0x0000
0x2B5;0x0000;0x0000;0x0000;0x0000;0x0000;0x0000;0x0000;0x0000;0x0000;0x0000
0x2B6;0x0000;0x0000;0x0000;0x0000;0x0000;0x0000;0x0000;0x0000;0x0000;0x0000
0x2B7;0x0000;0x0000;0x0000;0x0000;0x0000;0x0000;0x0000;0x0000;0x0000;0x0000
0x2B8;0x0000;0x0000;0x0000;0x0000;0x0000;0x0000;0x0000;0x0000;0x0000;0x0000
0x2B9;0x0000;0x0000;0x0000;0x0000;0x0000;0x0000;0x0000;0x0000;0x0000;0x0000
0x2BA;0x0000;0x0000;0x0000;0x0000;0x0000;0x0000;0x0000;0x0000;0x0000;0x0000
0x2BB;0x0000;0x0000;0x0000;0x0000;0x0000;0x0000;0x0000;0x0000;0x0000;0x0000
0x2BC;0x0000;0x0000;0x0000;0x0000;0x0000;0x0000;0x0000;0x0000;0x0000;0x0000
0x2BD;0x0000;0x0000;0x0000;0x0000;0x0000;0x0000;0x0000;0x0000;0x0000;0x0000
0x2BE;0x0000;0x0000;0x0000;0x0000;0x0000;0x0000;0x0000;0x0000;0x0000;0x0000
0x2BF;0x0000;0x0000;0x0000;0x0000;0x0000;0x0000;0x0000;0x0000;0x0000;0x0000
0x2C0;0x0000;0x0000;0x0000;0x0000;0x0000;0x0000;0x0000;0x0000;0x0000;0x0000
0x2C1;0x0000;0x0000;0x0000;0x0000;0x0000;0x0000;0x0000;0x0000;0x0000;0x0000
0x2C2;0x0000;0x0000;0x0000;0x0000;0x0000;0x0000;0x0000;0x0000;0x0000;0x0000
0x2C3;0x0000;0x0000;0x0000;0x0000;0x0000;0x0000;0x0000;0x0000;0x0000;0x0000
0x2C4;0x0000;0x0000;0x0000;0x0000;0x0000;0x0000;0x0000;0x0000;0x0000;0x0000
0x2C5;0x0000;0x0000;0x0000;0x0000;0x0000;0x0000;0x0000;0x0000;0x0000;0x0000
0x2C6;0x0000;0x0000;0x0000;0x0000;0x0000;0x0000;0x0000;0x0000;0x0000;0x0000
0x2C7;0x0000;0x0000;0x0000;0x0000;0x0000;0x0000;0x0000;0x0000;0x0000;0x0000
0x2C8;0x0000;0x0000;0x0000;0x0000;0x0000;0x0000;0x0000;0x0000;0x0000;0x0000
0x2C9;0x0000;0x0000;0x0000;0x0000;0x0000;0x0000;0x0000;0x0000;0x0000;0x0000
0x2CA;0x0000;0x0000;0x0000;0x0000;0x0000;0x0000;0x0000;0x0000;0x0000;0x0000
0x2CB;0x0000;0x0000;0x0000;0x0000;0x0000;0x0000;0x0000;0x0000;0x0000;0x0000
0x2CC;0x0000;0x0000;0x0000;0x0000;0x0000;0x0000;0x0000;0x0000;0x0000;0x0000
0x2CD;0x0000;0x0000;0x0000;0x0000;0x0000;0x0000;0x0000;0x0000;0x0000;0x0000
0x2CE;0x0000;0x0000;0x0000;0x0000;0x0000;0x0000;0x0000;0x0000;0x0000;0x0000
0x2CF;0x0000;0x0000;0x0000;0x0000;0x0000;0x0000;0x0000;0x0000;0x0000;0x0000
0x2D0;0x0000;0x0000;0x0000;0x0000;0x0000;0x0000;0x0000;0x0000;0x0000;0x0000
0x2D1;0x0000;0x0000;0x0000;0x0000;0x0000;0x0000;0x0000;0x0000;0x0000;0x0000
0x2D2;0x0000;0x0000;0x0000;0x0000;0x0000;0x0000;0x0000;0x0000;0x0000;0x0000
0x2D3;0x0000;0x0000;0x0000;0x0000;0x0000;0x0000;0x0000;0x0000;0x0000;0x0000
0x2D4;0x0000;0x0000;0x0000;0x0000;0x0000;0x0000;0x0000;0x0000;0x0000;0x0000
0x2D5;0x0000;0x0000;0x0000;0x0000;0x0000;0x0000;0x0000;0x0000;0x0000;0x0000
0x2D6;0x0000;0x0000;0x0000;0x0000;0x0000;0x0000;0x0000;0x0000;0x0000;0x0000
0x2D7;0x0000;0x0000;0x0000;0x0000;0x0000;0x0000;0x0000;0x0000;0x0000;0x0000
0x2D8;0x0000;0x0000;0x0000;0x0000;0x0000;0x0000;0x0000;0x0000;0x0000;0x0000
0x2D9;0x0000;0x0000;0x0000;0x0000;0x0000;0x0000;0x0000;0x0000;0x0000;0x0000
0x2DA;0x0000;0x0000;0x0000;0x0000;0x0000;0x0000;0x0000;0x0000;0x0000;0x0000
0x2DB;0x0000;0x0000;0x0000;0x0000;0x0000;0x0000;0x0000;0x0000;0x0000;0x0000
0x2DC;0x0000;0x0000;0x0000;0x0000;0x0000;0x0000;0x0000;0x0000;0x0000;0x0000
0x2DD;0x0000;0x0000;0x0000;0x0000;0x0000;0x0000;0x0000;0x0000;0x0000;0x0000
0x2DE;0x0000;0x0000;0x0000;0x0000;0x0000;0x0000;0x0000;0x0000;0x0000;0x0000
0x2DF;0x0000;0x0000;0x0000;0x0000;0x0000;0x0000;0x0000;0x0000;0x0000;0x0000
0x2E0;0x0000;0x0000;0x0000;0x0000;0x0000;0x0000;0x0000;0x0000;0x0000;0x0000
0x2E1;0x0000;0x0000;0x0000;0x0000;0x0000;0x0000;0x0000;0x0000;0x0000;0x0000
0x2E2;0x0000;0x0000;0x0000;0x0000;0x0000;0x0000;0x0000;0x0000;0x0000;0x0000
0x2E3;0x0000;0x0000;0x0000;0x0000;0x0000;0x0000;0x0000;0x0000;0x0000;0x0000
0x2E4;0x0000;0x0000;0x0000;0x0000;0x0000;0x0000;0x0000;0x0000;0x0000;0x0000
0x2E5;0x0000;0x0000;0x0000;0x0000;0x0000;0x0000;0x0000;0x0000;0x0000;0x0000
0x2E6;0x0000;0x0000;0x0000;0x0000;0x0000;0x0000;0x0000;0x0000;0x0000;0x0000
0x2E7;0x0000;0x0000;0x0000;0x0000;0x0000;0x0000;0x0000;0x0000;0x0000;0x0000
0x2E8;0x0000;0x0000;0x0000;0x0000;0x0000;0x0000;0x0000;0x0000;0x0000;0x0000
0x2E9;0x0000;0x0000;0x0000;0x0000;0x0000;0x0000;0x0000;0x0000;0x0000;0x0000
0x2EA;0x0000;0x0000;0x0000;0x0000;0x0000;0x0000;0x0000;0x0000;0x0000;0x0000
0x2EB;0x0000;0x0000;0x0000;0x0000;0x0000;0x0000;0x0000;0x0000;0x0000;0x0000
0x2EC;0x0000;0x0000;0x0000;0x0000;0x0000;0x0000;0x0000;0x0000;0x0000;0x0000
0x2ED;0x0000;0x0000;0x0000;0x0000;0x0000;0x0000;0x0000;0x0000;0x0000;0x0000
0x2EE;0x0000;0x0000;0x0000;0x0000;0x0000;0x0000;0x0000;0x0000;0x0000;0x0000
0x2EF;0x0000;0x0000;0x0000;0x0000;0x0000;0x0000;0x0000;0x0000;0x0000;0x0000
0x2F0;0x0000;0x0000;0x0000;0x0000;0x0000;0x0000;0x0000;0x0000;0x0000;0x0000
0x2F1;0x0000;0x0000;0x0000;0x0000;0x0000;0x0000;0x0000;0x0000;0x0000;0x0000
0x2F2;0x0000;0x0000;0x0000;0x0000;0x0000;0x0000;0x0000;0x0000;0x0000;0x0000
0x2F3;0x0000;0x0000;0x0000;0x0000;0x0000;0x0000;0x0000;0x0000;0x0000;0x0000
0x2F4;0x0000;0x0000;0x0000;0x0000;0x0000;0x0000;0x0000;0x0000;0x0000;0x0000
0x2F5;0x0000;0x0000;0x0000;0x0000;0x0000;0x0000;0x0000;0x0000;0x0000;0x0000
0x2F6;0x0000;0x0000;0x0000;0x0000;0x0000;0x0000;0x0000;0x0000;0x0000;0x0000
0x2F7;0x0000;0x0000;0x0000;0x0000;0x0000;0x0000;0x0000;0x0000;0x0000;0x0000
0x2F8;0x0000;0x0000;0x0000;0x0000;0x0000;0x0000;0x0000;0x0000;0x0000;0x0000
0x2F9;0x0000;0x0000;0x0000;0x0000;0x0000;0x0000;0x0000;0x0000;0x0000;0x0000
0x2FA;0x0000;0x0000;0x0000;0x0000;0x0000;0x0000;0x0000;0x0000;0x0000;0x0000
0x2FB;0x0000;0x0000;0x0000;0x0000;0x0000;0x0000;0x0000;0x0000;0x0000;0x0000
0x2FC;0x0000;0x0000;0x0000;0x0000;0x0000;0x0000;0x0000;0x0000;0x0000;0x0000
0x2FD;0x0000;0x0000;0x0000;0x0000;0x0000;0x0000;0x0000;0x0000;0x0000;0x0000
0x2FE;0x0000;0x0000;0x0000;0x0000;0x0000;0x0000;0x0000;0x0000;0x0000;0x0000
0x2FF;0x0000;0x0000;0x0000;0x0000;0x0000;0x0000;0x0000;0x0000;0x0000;0x0000
0x300;0x0000;0x0000;0x0000;0x0000;0x0000;0x0000;0x0000;0x0000;0x0000;0x0000
0x301;0x0000;0x0000;0x0000;0x0000;0x0000;0x0000;0x0000;0x0000;0x0000;0x0000
0x302;0x0000;0x0000;0x0000;0x0000;0x0000;0x0000;0x0000;0x0000;0x0000;0x0000
0x303;0x0000;0x0000;0x0000;0x0000;0x0000;0x0000;0x0000;0x0000;0x0000;0x0000
0x304;0x0000;0x0000;0x0000;0x0000;0x0000;0x0000;0x0000;0x0000;0x0000;0x0000
0x305;0x0000;0x0000;0x0000;0x0000;0x0000;0x0000;0x0000;0x0000;0x0000;0x0000
0x306;0x0000;0x0000;0x0000;0x0000;0x0000;0x0000;0x0000;0x0000;0x0000;0x0000
0x307;0x0000;0x0000;0x0000;0x0000;0x0000;0x0000;0x0000;0x0000;0x0000;0x0000
0x308;0x0000;0x0000;0x0000;0x0000;0x0000;0x0000;0x0000;0x0000;0x0000;0x0000
0x309;0x0000;0x0000;0x0000;0x0000;0x0000;0x0000;0x0000;0x0000;0x0000;0x0000
0x30A;0x0000;0x0000;0x0000;0x0000;0x0000;0x0000;0x0000;0x0000;0x0000;0x0000
0x30B;0x0000;0x0000;0x0000;0x0000;0x0000;0x0000;0x0000;0x0000;0x0000;0x0000
0x30C;0x0000;0x0000;0x0000;0x0000;0x0000;0x0000;0x0000;0x0000;0x0000;0x0000
0x30D;0x0000;0x0000;0x0000;0x0000;0x0000;0x0000;0x0000;0x0000;0x0000;0x0000
0x30E;0x0000;0x0000;0x0000;0x0000;0x0000;0x0000;0x0000;0x0000;0x0000;0x0000
0x30F;0x0000;0x0000;0x0000;0x0000;0x0000;0x0000;0x0000;0x0000;0x0000;0x0000
0x310;0x0000;0x0000;0x0000;0x0000;0x0000;0x0000;0x0000;0x0000;0x0000;0x0000
0x311;0x0000;0x0000;0x0000;0x0000;0x0000;0x0000;0x0000;0x0000;0x0000;0x0000
0x312;0x0000;0x0000;0x0000;0x0000;0x0000;0x0000;0x0000;0x0000;0x0000;0x0000
0x313;0x0000;0x0000;0x0000;0x0000;0x0000;0x0000;0x0000;0x0000;0x0000;0x0000
0x314;0x0000;0x0000;0x0000;0x0000;0x0000;0x0000;0x0000;0x0000;0x0000;0x0000
0x315;0x0000;0x0000;0x0000;0x0000;0x0000;0x0000;0x0000;0x0000;0x0000;0x0000
0x316;0x0000;0x0000;0x0000;0x0000;0x0000;0x0000;0x0000;0x0000;0x0000;0x0000
0x317;0x0000;0x0000;0x0000;0x0000;0x0000;0x0000;0x0000;0x0000;0x0000;0x0000
0x318;0x0000;0x0000;0x0000;0x0000;0x0000;0x0000;0x0000;0x0000;0x0000;0x0000
0x319;0x0000;0x0000;0x0000;0x0000;0x0000;0x0000;0x0000;0x0000;0x0000;0x0000
0x31A;0x0000;0x0000;0x0000;0x0000;0x0000;0x0000;0x0000;0x0000;0x0000;0x0000
0x31B;0x0000;0x0000;0x0000;0x0000;0x0000;0x0000;0x0000;0x0000;0x0000;0x0000
0x31C;0x0000;0x0000;0x0000;0x0000;0x0000;0x0000;0x0000;0x0000;0x0000;0x0000
0x31D;0x0000;0x0000;0x0000;0x0000;0x0000;0x0000;0x0000;0x0000;0x0000;0x0000
0x31E;0x0000;0x0000;0x0000;0x0000;0x0000;0x0000;0x0000;0x0000;0x0000;0x0000
0x31F;0x0000;0x0000;0x0000;0x0000;0x0000;0x0000;0x0000;0x0000;0x0000;0x0000
0x320;0x0000;0x0000;0x0000;0x0000;0x0000;0x0000;0x0000;0x0000;0x0000;0x0000
0x321;0x0000;0x0000;0x0000;0x0000;0x0000;0x0000;0x0000;0x0000;0x0000;0x0000
0x322;0x0000;0x0000;0x0000;0x0000;0x0000;0x0000;0x0000;0x0000;0x0000;0x0000
0x323;0x0000;0x0000;0x0000;0x0000;0x0000;0x0000;0x0000;0x0000;0x0000;0x0000
0x324;0x0000;0x0000;0x0000;0x0000;0x0000;0x0000;0x0000;0x0000;0x0000;0x0000
0x325;0x0000;0x0000;0x0000;0x0000;0x0000;0x0000;0x0000;0x0000;0x0000;0x0000
0x326;0x0000;0x0000;0x0000;0x0000;0x0000;0x0000;0x0000;0x0000;0x0000;0x0000
0x327;0x0000;0x0000;0x0000;0x0000;0x0000;0x0000;0x0000;0x0000;0x0000;0x0000
0x328;0x0000;0x0000;0x0000;0x0000;0x0000;0x0000;0x0000;0x0000;0x0000;0x0000
0x329;0x0000;0x0000;0x0000;0x0000;0x0000;0x0000;0x0000;0x0000;0x0000;0x0000
0x32A;0x0000;0x0000;0x0000;0x0000;0x0000;0x0000;0x0000;0x0000;0x0000;0x0000
0x32B;0x0000;0x0000;0x0000;0x0000;0x0000;0x0000;0x0000;0x0000;0x0000;0x0000
0x32C;0x0000;0x0000;0x0000;0x0000;0x0000;0x0000;0x0000;0x0000;0x0000;0x0000
0x32D;0x0000;0x0000;0x0000;0x0000;0x0000;0x0000;0x0000;0x0000;0x0000;0x0000
0x32E;0x0000;0x0000;0x0000;0x0000;0x0000;0x0000;0x0000;0x0000;0x0000;0x0000
0x32F;0x0000;0x0000;0x0000;0x0000;0x0000;0x0000;0x0000;0x0000;0x0000;0x0000
0x330;0x0000;0x0000;0x0000;0x0000;0x0000;0x0000;0x0000;0x0000;0x0000;0x0000
0x331;0x0000;0x0000;0x0000;0x0000;0x0000;0x0000;0x0000;0x0000;0x0000;0x0000
0x332;0x0000;0x0000;0x0000;0x0000;0x0000;0x0000;0x0000;0x0000;0x0000;0x0000
0x333;0x0000;0x0000;0x0000;0x0000;0x0000;0x0000;0x0000;0x0000;0x0000;0x0000
0x334;0x0000;0x0000;0x0000;0x0000;0x0000;0x0000;0x0000;0x0000;0x0000;0x0000
0x335;0x0000;0x0000;0x0000;0x0000;0x0000;0x0000;0x0000;0x0000;0x0000;0x0000
0x336;0x0000;0x0000;0x0000;0x0000;0x0000;0x0000;0x0000;0x0000;0x0000;0x0000
0x337;0x0000;0x0000;0x0000;0x0000;0x0000;0x0000;0x0000;0x0000;0x0000;0x0000
0x338;0x0000;0x0000;0x0000;0x0000;0x0000;0x0000;0x0000;0x0000;0x0000;0x0000
0x339;0x0000;0x0000;0x0000;0x0000;0x0000;0x0000;0x0000;0x0000;0x0000;0x0000
0x33A;0x0000;0x0000;0x0000;0x0000;0x0000;0x0000;0x0000;0x0000;0x0000;0x0000
0x33B;0x0000;0x0000;0x0000;0x0000;0x0000;0x0000;0x0000;0x0000;0x0000;0x0000
0x33C;0x0000;0x0000;0x0000;0x0000;0x0000;0x0000;0x0000;0x0000;0x0000;0x0000
0x33D;0x0000;0x0000;0x0000;0x0000;0x0000;0x0000;0x0000;0x0000;0x0000;0x0000
0x33E;0x0000;0x0000;0x0000;0x0000;0x0000;0x0000;0x0000;0x0000;0x0000;0x0000
0x33F;0x0000;0x0000;0x0000;0x0000;0x0000;0x0000;0x0000;0x0000;0x0000;0x0000
0x340;0x0000;0x0000;0x0000;0x0000;0x0000;0x0000;0x0000;0x0000;0x0000;0x0000
0x341;0x0000;0x0000;0x0000;0x0000;0x0000;0x0000;0x0000;0x0000;0x0000;0x0000
0x342;0x0000;0x0000;0x0000;0x0000;0x0000;0x0000;0x0000;0x0000;0x0000;0x0000
0x343;0x0000;0x0000;0x0000;0x0000;0x0000;0x0000;0x0000;0x0000;0x0000;0x0000
0x344;0x0000;0x0000;0x0000;0x0000;0x0000;0x0000;0x0000;0x0000;0x0000;0x0000
0x345;0x0000;0x0000;0x0000;0x0000;0x0000;0x0000;0x0000;0x0000;0x0000;0x0000
0x346;0x0000;0x0000;0x0000;0x0000;0x0000;0x0000;0x0000;0x0000;0x0000;0x0000
0x347;0x0000;0x0000;0x0000;0x0000;0x0000;0x0000;0x0000;0x0000;0x0000;0x0000
0x348;0x0000;0x0000;0x0000;0x0000;0x0000;0x0000;0x0000;0x0000;0x0000;0x0000
0x349;0x0000;0x0000;0x0000;0x0000;0x0000;0x0000;0x0000;0x0000;0x0000;0x0000
0x34A;0x0000;0x0000;0x0000;0x0000;0x0000;0x0000;0x0000;0x0000;0x0000;0x0000
0x34B;0x0000;0x0000;0x0000;0x0000;0x0000;0x0000;0x0000;0x0000;0x0000;0x0000
0x34C;0x0000;0x0000;0x0000;0x0000;0x0000;0x0000;0x0000;0x0000;0x0000;0x0000
0x34D;0x0000;0x0000;0x0000;0x0000;0x0000;0x0000;0x0000;0x0000;0x0000;0x0000
0x34E;0x0000;0x0000;0x0000;0x0000;0x0000;0x0000;0x0000;0x0000;0x0000;0x0000
0x34F;0x0000;0x0000;0x0000;0x0000;0x0000;0x0000;0x0000;0x0000;0x0000;0x0000
0x350;0x0000;0x0000;0x0000;0x0000;0x0000;0x0000;0x0000;0x0000;0x0000;0x0000
0x351;0x0000;0x0000;0x0000;0x0000;0x0000;0x0000;0x0000;0x0000;0x0000;0x0000
0x352;0x0000;0x0000;0x0000;0x0000;0x0000;0x0000;0x0000;0x0000;0x0000;0x0000
0x353;0x0000;0x0000;0x0000;0x0000;0x0000;0x0000;0x0000;0x0000;0x0000;0x0000
0x354;0x0000;0x0000;0x0000;0x0000;0x0000;0x0000;0x0000;0x0000;0x0000;0x0000
0x355;0x0000;0x0000;0x0000;0x0000;0x0000;0x0000;0x0000;0x0000;0x0000;0x0000
0x356;0x0000;0x0000;0x0000;0x0000;0x0000;0x0000;0x0000;0x0000;0x0000;0x0000
0x357;0x0000;0x0000;0x0000;0x0000;0x0000;0x0000;0x0000;0x0000;0x0000;0x0000
0x358;0x0000;0x0000;0x0000;0x0000;0x0000;0x0000;0x0000;0x0000;0x0000;0x0000
0x359;0x0000;0x0000;0x0000;0x0000;0x0000;0x0000;0x0000;0x0000;0x0000;0x0000
0x35A;0x0000;0x0000;0x0000;0x0000;0x0000;0x0000;0x0000;0x0000;0x0000;0x0000
0x35B;0x0000;0x0000;0x0000;0x0000;0x0000;0x0000;0x0000;0x0000;0x0000;0x0000
0x35C;0x0000;0x0000;0x0000;0x0000;0x0000;0x0000;0x0000;0x0000;0x0000;0x0000
0x35D;0x0000;0x0000;0x0000;0x0000;0x0000;0x0000;0x0000;0x0000;0x0000;0x0000
0x35E;0x0000;0x0000;0x0000;0x0000;0x0000;0x0000;0x0000;0x0000;0x0000;0x0000
0x35F;0x0000;0x0000;0x0000;0x0000;0x0000;0x0000;0x0000;0x0000;0x0000;0x0000
0x360;0x0000;0x0000;0x0000;0x0000;0x0000;0x0000;0x0000;0x0000;0x0000;0x0000
0x361;0x0000;0x0000;0x0000;0x0000;0x0000;0x0000;0x0000;0x0000;0x0000;0x0000
0x362;0x0000;0x0000;0x0000;0x0000;0x0000;0x0000;0x0000;0x0000;0x0000;0x0000
0x363;0x0000;0x0000;0x0000;0x0000;0x0000;0x0000;0x0000;0x0000;0x0000;0x0000
0x364;0x0000;0x0000;0x0000;0x0000;0x0000;0x0000;0x0000;0x0000;0x0000;0x0000
0x365;0x0000;0x0000;0x0000;0x0000;0x0000;0x0000;0x0000;0x0000;0x0000;0x0000
0x366;0x0000;0x0000;0x0000;0x0000;0x0000;0x0000;0x0000;0x0000;0x0000;0x0000
0x367;0x0000;0x0000;0x0000;0x0000;0x0000;0x0000;0x0000;0x0000;0x0000;0x0000
0x368;0x0000;0x0000;0x0000;0x0000;0x0000;0x0000;0x0000;0x0000;0x0000;0x0000
0x369;0x0000;0x0000;0x0000;0x0000;0x0000;0x0000;0x0000;0x0000;0x0000;0x0000
0x36A;0x0000;0x0000;0x0000;0x0000;0x0000;0x0000;0x0000;0x0000;0x0000;0x0000
0x36B;0x0000;0x0000;0x0000;0x0000;0x0000;0x0000;0x0000;0x0000;0x0000;0x0000
0x36C;0x0000;0x0000;0x0000;0x0000;0x0000;0x0000;0x0000;0x0000;0x0000;0x0000
0x36D;0x0000;0x0000;0x0000;0x0000;0x0000;0x0000;0x0000;0x0000;0x0000;0x0000
0x36E;0x0000;0x0000;0x0000;0x0000;0x0000;0x0000;0x0000;0x0000;0x0000;0x0000
0x36F;0x0000;0x0000;0x0000;0x0000;0x0000;0x0000;0x0000;0x0000;0x0000;0x0000
0x370;0x0000;0x0000;0x0000;0x0000;0x0000;0x0000;0x0000;0x0000;0x0000;0x0000
0x371;0x0000;0x0000;0x0000;0x0000;0x0000;0x0000;0x0000;0x0000;0x0000;0x0000
0x372;0x0000;0x0000;0x0000;0x0000;0x0000;0x0000;0x0000;0x0000;0x0000;0x0000
0x373;0x0000;0x0000;0x0000;0x0000;0x0000;0x0000;0x0000;0x0000;0x0000;0x0000
0x374;0x0000;0x0000;0x0000;0x0000;0x0000;0x0000;0x0000;0x0000;0x0000;0x0000
0x375;0x0000;0x0000;0x0000;0x0000;0x0000;0x0000;0x0000;0x0000;0x0000;0x0000
0x376;0x0000;0x0000;0x0000;0x0000;0x0000;0x0000;0x0000;0x0000;0x0000;0x0000
0x377;0x0000;0x0000;0x0000;0x0000;0x0000;0x0000;0x0000;0x0000;0x0000;0x0000
0x378;0x0000;0x0000;0x0000;0x0000;0x0000;0x0000;0x0000;0x0000;0x0000;0x0000
0x379;0x0000;0x0000;0x0000;0x0000;0x0000;0x0000;0x0000;0x0000;0x0000;0x0000
0x37A;0x0000;0x0000;0x0000;0x0000;0x0000;0x0000;0x0000;0x0000;0x0000;0x0000
0x37B;0x0000;0x0000;0x0000;0x0000;0x0000;0x0000;0x0000;0x0000;0x0000;0x0000
0x37C;0x0000;0x0000;0x0000;0x0000;0x0000;0x0000;0x0000;0x0000;0x0000;0x0000
0x37D;0x0000;0x0000;0x0000;0x0000;0x0000;0x0000;0x0000;0x0000;0x0000;0x0000
0x37E;0x0000;0x0000;0x0000;0x0000;0x0000;0x0000;0x0000;0x0000;0x0000;0x0000
0x37F;0x0000;0x0000;0x0000;0x0000;0x0000;0x0000;0x0000;0x0000;0x0000;0x0000
0x380;0x0000;0x0000;0x0000;0x0000;0x0000;0x0000;0x0000;0x0000;0x0000;0x0000
0x381;0x0000;0x0000;0x0000;0x0000;0x0000;0x0000;0x0000;0x0000;0x0000;0x0000
0x382;0x0000;0x0000;0x0000;0x0000;0x0000;0x0000;0x0000;0x0000;0x0000;0x0000
0x383;0x0000;0x0000;0x0000;0x0000;0x0000;0x0000;0x0000;0x0000;0x0000;0x0000
0x384;0x0000;0x0000;0x0000;0x0000;0x0000;0x0000;0x0000;0x0000;0x0000;0x0000
0x385;0x0000;0x0000;0x0000;0x0000;0x0000;0x0000;0x0000;0x0000;0x0000;0x0000
0x386;0x0000;0x0000;0x0000;0x0000;0x0000;0x0000;0x0000;0x0000;0x0000;0x0000
0x387;0x0000;0x0000;0x0000;0x0000;0x0000;0x0000;0x0000;0x0000;0x0000;0x0000
0x388;0x0000;0x0000;0x0000;0x0000;0x0000;0x0000;0x0000;0x0000;0x0000;0x0000
0x389;0x0000;0x0000;0x0000;0x0000;0x0000;0x0000;0x0000;0x0000;0x0000;0x0000
0x38A;0x0000;0x0000;0x0000;0x0000;0x0000;0x0000;0x0000;0x0000;0x0000;0x0000
0x38B;0x0000;0x0000;0x0000;0x0000;0x0000;0x0000;0x0000;0x0000;0x0000;0x0000
0x38C;0x0000;0x0000;0x0000;0x0000;0x0000;0x0000;0x0000;0x0000;0x0000;0x0000
0x38D;0x0000;0x0000;0x0000;0x0000;0x0000;0x0000;0x0000;0x0000;0x0000;0x0000
0x38E;0x0000;0x0000;0x0000;0x0000;0x0000;0x0000;0x0000;0x0000;0x0000;0x0000
0x38F;0x0000;0x0000;0x0000;0x0000;0x0000;0x0000;0x0000;0x0000;0x0000;0x0000
0x390;0x0000;0x0000;0x0000;0x0000;0x0000;0x0000;0x0000;0x0000;0x0000;0x0000
0x391;0x0000;0x0000;0x0000;0x0000;0x0000;0x0000;0x0000;0x0000;0x0000;0x0000
0x392;0x0000;0x0000;0x0000;0x0000;0x0000;0x0000;0x0000;0x0000;0x0000;0x0000
0x393;0x0000;0x0000;0x0000;0x0000;0x0000;0x0000;0x0000;0x0000;0x0000;0x0000
0x394;0x0000;0x0000;0x0000;0x0000;0x0000;0x0000;0x0000;0x0000;0x0000;0x0000
0x395;0x0000;0x0000;0x0000;0x0000;0x0000;0x0000;0x0000;0x0000;0x0000;0x0000
0x396;0x0000;0x0000;0x0000;0x0000;0x0000;0x0000;0x0000;0x0000;0x0000;0x0000
0x397;0x0000;0x0000;0x0000;0x0000;0x0000;0x0000;0x0000;0x0000;0x0000;0x0000
0x398;0x0000;0x0000;0x0000;0x0000;0x0000;0x0000;0x0000;0x0000;0x0000;0x0000
0x399;0x0000;0x0000;0x0000;0x0000;0x0000;0x0000;0x0000;0x0000;0x0000;0x0000
0x39A;0x0000;0x0000;0x0000;0x0000;0x0000;0x0000;0x0000;0x0000;0x0000;0x0000
0x39B;0x0000;0x0000;0x0000;0x0000;0x0000;0x0000;0x0000;0x0000;0x0000;0x0000
0x39C;0x0000;0x0000;0x0000;0x0000;0x0000;0x0000;0x0000;0x0000;0x0000;0x0000
0x39D;0x0000;0x0000;0x0000;0x0000;0x0000;0x0000;0x0000;0x0000;0x0000;0x0000
0x39E;0x0000;0x0000;0x0000;0x0000;0x0000;0x0000;0x0000;0x0000;0x0000;0x0000
0x39F;0x0000;0x0000;0x0000;0x0000;0x0000;0x0000;0x0000;0x0000;0x0000;0x0000
0x3A0;0x0000;0x0000;0x0000;0x0000;0x0000;0x0000;0x0000;0x0000;0x0000;0x0000
0x3A1;0x0000;0x0000;0x0000;0x0000;0x0000;0x0000;0x0000;0x0000;0x0000;0x0000
0x3A2;0x0000;0x0000;0x0000;0x0000;0x0000;0x0000;0x0000;0x0000;0x0000;0x0000
0x3A3;0x0000;0x0000;0x0000;0x0000;0x0000;0x0000;0x0000;0x0000;0x0000;0x0000
0x3A4;0x0000;0x0000;0x0000;0x0000;0x0000;0x0000;0x0000;0x0000;0x0000;0x0000
0x3A5;0x0000;0x0000;0x0000;0x0000;0x0000;0x0000;0x0000;0x0000;0x0000;0x0000
0x3A6;0x0000;0x0000;0x0000;0x0000;0x0000;0x0000;0x0000;0x0000;0x0000;0x0000
0x3A7;0x0000;0x0000;0x0000;0x0000;0x0000;0x0000;0x0000;0x0000;0x0000;0x0000
0x3A8;0x0000;0x0000;0x0000;0x0000;0x0000;0x0000;0x0000;0x0000;0x0000;0x0000
0x3A9;0x0000;0x0000;0x0000;0x0000;0x0000;0x0000;0x0000;0x0000;0x0000;0x0000
0x3AA;0x0000;0x0000;0x0000;0x0000;0x0000;0x0000;0x0000;0x0000;0x0000;0x0000
0x3AB;0x0000;0x0000;0x0000;0x0000;0x0000;0x0000;0x0000;0x0000;0x0000;0x0000
0x3AC;0x0000;0x0000;0x0000;0x0000;0x0000;0x0000;0x0000;0x0000;0x0000;0x0000
0x3AD;0x0000;0x0000;0x0000;0x0000;0x0000;0x0000;0x0000;0x0000;0x0000;0x0000
0x3AE;0x0000;0x0000;0x0000;0x0000;0x0000;0x0000;0x0000;0x0000;0x0000;0x0000
0x3AF;0x0000;0x0000;0x0000;0x0000;0x0000;0x0000;0x0000;0x0000;0x0000;0x0000
0x3B0;0x0000;0x0000;0x0000;0x0000;0x0000;0x0000;0x0000;0x0000;0x0000;0x0000
0x3B1;0x0000;0x0000;0x0000;0x0000;0x0000;0x0000;0x0000;0x0000;0x0000;0x0000
0x3B2;0x0000;0x0000;0x0000;0x0000;0x0000;0x0000;0x0000;0x0000;0x0000;0x0000
0x3B3;0x0000;0x0000;0x0000;0x0000;0x0000;0x0000;0x0000;0x0000;0x0000;0x0000
0x3B4;0x0000;0x0000;0x0000;0x0000;0x0000;0x0000;0x0000;0x0000;0x0000;0x0000
0x3B5;0x0000;0x0000;0x0000;0x0000;0x0000;0x0000;0x0000;0x0000;0x0000;0x0000
0x3B6;0x0000;0x0000;0x0000;0x0000;0x0000;0x0000;0x0000;0x0000;0x0000;0x0000
0x3B7;0x0000;0x0000;0x0000;0x0000;0x0000;0x0000;0x0000;0x0000;0x0000;0x0000
0x3B8;0x0000;0x0000;0x0000;0x0000;0x0000;0x0000;0x0000;0x0000;0x0000;0x0000
0x3B9;0x0000;0x0000;0x0000;0x0000;0x0000;0x0000;0x0000;0x0000;0x0000;0x0000
0x3BA;0x0000;0x0000;0x0000;0x0000;0x0000;0x0000;0x0000;0x0000;0x0000;0x0000
0x3BB;0x0000;0x0000;0x0000;0x0000;0x0000;0x0000;0x0000;0x0000;0x0000;0x0000
0x3BC;0x0000;0x0000;0x0000;0x0000;0x0000;0x0000;0x0000;0x0000;0x0000;0x0000
0x3BD;0x0000;0x0000;0x0000;0x0000;0x0000;0x0000;0x0000;0x0000;0x0000;0x0000
0x3BE;0x0000;0x0000;0x0000;0x0000;0x0000;0x0000;0x0000;0x0000;0x0000;0x0000
0x3BF;0x0000;0x0000;0x0000;0x0000;0x0000;0x0000;0x0000;0x0000;0x0000;0x0000
0x3C0;0x0000;0x0000;0x0000;0x0000;0x0000;0x0000;0x0000;0x0000;0x0000;0x0000
0x3C1;0x0000;0x0000;0x0000;0x0000;0x0000;0x0000;0x0000;0x0000;0x0000;0x0000
0x3C2;0x0000;0x0000;0x0000;0x0000;0x0000;0x0000;0x0000;0x0000;0x0000;0x0000
0x3C3;0x0000;0x0000;0x0000;0x0000;0x0000;0x0000;0x0000;0x0000;0x0000;0x0000
0x3C4;0x0000;0x0000;0x0000;0x0000;0x0000;0x0000;0x0000;0x0000;0x0000;0x0000
0x3C5;0x0000;0x0000;0x0000;0x0000;0x0000;0x0000;0x0000;0x0000;0x0000;0x0000
0x3C6;0x0000;0x0000;0x0000;0x0000;0x0000;0x0000;0x0000;0x0000;0x0000;0x0000
0x3C7;0x0000;0x0000;0x0000;0x0000;0x0000;0x0000;0x0000;0x0000;0x0000;0x0000
0x3C8;0x0000;0x0000;0x0000;0x0000;0x0000;0x0000;0x0000;0x0000;0x0000;0x0000
0x3C9;0x0000;0x0000;0x0000;0x0000;0x0000;0x0000;0x0000;0x0000;0x0000;0x0000
0x3CA;0x0000;0x0000;0x0000;0x0000;0x0000;0x0000;0x0000;0x0000;0x0000;0x0000
0x3CB;0x0000;0x0000;0x0000;0x0000;0x0000;0x0000;0x0000;0x0000;0x0000;0x0000
0x3CC;0x0000;0x0000;0x0000;0x0000;0x0000;0x0000;0x0000;0x0000;0x0000;0x0000
0x3CD;0x0000;0x0000;0x0000;0x0000;0x0000;0x0000;0x0000;0x0000;0x0000;0x0000
0x3CE;0x0000;0x0000;0x0000;0x0000;0x0000;0x0000;0x0000;0x0000;0x0000;0x0000
0x3CF;0x0000;0x0000;0x0000;0x0000;0x0000;0x0000;0x0000;0x0000;0x0000;0x0000
0x3D0;0x0000;0x0000;0x0000;0x0000;0x0000;0x0000;0x0000;0x0000;0x0000;0x0000
0x3D1;0x0000;0x0000;0x0000;0x0000;0x0000;0x0000;0x0000;0x0000;0x0000;0x0000
0x3D2;0x0000;0x0000;0x0000;0x0000;0x0000;0x0000;0x0000;0x0000;0x0000;0x0000
0x3D3;0x0000;0x0000;0x0000;0x0000;0x0000;0x0000;0x0000;0x0000;0x0000;0x0000
0x3D4;0x0000;0x0000;0x0000;0x0000;0x0000;0x0000;0x0000;0x0000;0x0000;0x0000
0x3D5;0x0000;0x0000;0x0000;0x0000;0x0000;0x0000;0x0000;0x0000;0x0000;0x0000
0x3D6;0x0000;0x0000;0x0000;0x0000;0x0000;0x0000;0x0000;0x0000;0x0000;0x0000
0x3D7;0x0000;0x0000;0x0000;0x0000;0x0000;0x0000;0x0000;0x0000;0x0000;0x0000
0x3D8;0x0000;0x0000;0x0000;0x0000;0x0000;0x0000;0x0000;0x0000;0x0000;0x0000
0x3D9;0x0000;0x0000;0x0000;0x0000;0x0000;0x0000;0x0000;0x0000;0x0000;0x0000
0x3DA;0x0000;0x0000;0x0000;0x0000;0x0000;0x0000;0x0000;0x0000;0x0000;0x0000
0x3DB;0x0000;0x0000;0x0000;0x0000;0x0000;0x0000;0x0000;0x0000;0x0000;0x0000
0x3DC;0x0000;0x0000;0x0000;0x0000;0x0000;0x0000;0x0000;0x0000;0x0000;0x0000
0x3DD;0x0000;0x0000;0x0000;0x0000;0x0000;0x0000;0x0000;0x0000;0x0000;0x0000
0x3DE;0x0000;0x0000;0x0000;0x0000;0x0000;0x0000;0x0000;0x0000;0x0000;0x0000
0x3DF;0x0000;0x0000;0x0000;0x0000;0x0000;0x0000;0x0000;0x0000;0x0000;0x0000
0x3E0;0x0000;0x0000;0x0000;0x0000;0x0000;0x0000;0x0000;0x0000;0x0000;0x0000
0x3E1;0x0000;0x0000;0x0000;0x0000;0x0000;0x0000;0x0000;0x0000;0x0000;0x0000
0x3E2;0x0000;0x0000;0x0000;0x0000;0x0000;0x0000;0x0000;0x0000;0x0000;0x0000
0x3E3;0x0000;0x0000;0x0000;0x0000;0x0000;0x0000;0x0000;0x0000;0x0000;0x0000
0x3E4;0x0000;0x0000;0x0000;0x0000;0x0000;0x0000;0x0000;0x0000;0x0000;0x0000
0x3E5;0x0000;0x0000;0x0000;0x0000;0x0000;0x0000;0x0000;0x0000;0x0000;0x0000
0x3E6;0x0000;0x0000;0x0000;0x0000;0x0000;0x0000;0x0000;0x0000;0x0000;0x0000
0x3E7;0x0000;0x0000;0x0000;0x0000;0x0000;0x0000;0x0000;0x0000;0x0000;0x0000
0x3E8;0x0000;0x0000;0x0000;0x0000;0x0000;0x0000;0x0000;0x0000;0x0000;0x0000
0x3E9;0x0000;0x0000;0x0000;0x0000;0x0000;0x0000;0x0000;0x0000;0x0000;0x0000
0x3EA;0x0000;0x0000;0x0000;0x0000;0x0000;0x0000;0x0000;0x0000;0x0000;0x0000
0x3EB;0x0000;0x0000;0x0000;0x0000;0x0000;0x0000;0x0000;0x0000;0x0000;0x0000
0x3EC;0x0000;0x0000;0x0000;0x0000;0x0000;0x0000;0x0000;0x0000;0x0000;0x0000
0x3ED;0x0000;0x0000;0x0000;0x0000;0x0000;0x0000;0x0000;0x0000;0x0000;0x0000
0x3EE;0x0000;0x0000;0x0000;0x0000;0x0000;0x0000;0x0000;0x0000;0x0000;0x0000
0x3EF;0x0000;0x0000;0x0000;0x0000;0x0000;0x0000;0x0000;0x0000;0x0000;0x0000
0x3F0;0x0000;0x0000;0x0000;0x0000;0x0000;0x0000;0x0000;0x0000;0x0000;0x0000
0x3F1;0x0000;0x0000;0x0000;0x0000;0x0000;0x0000;0x0000;0x0000;0x0000;0x0000
0x3F2;0x0000;0x0000;0x0000;0x0000;0x0000;0x0000;0x0000;0x0000;0x0000;0x0000
0x3F3;0x0000;0x0000;0x0000;0x0000;0x0000;0x0000;0x0000;0x0000;0x0000;0x0000
0x3F4;0x0000;0x0000;0x0000;0x0000;0x0000;0x0000;0x0000;0x0000;0x0000;0x0000
0x3F5;0x0000;0x0000;0x0000;0x0000;0x0000;0x0000;0x0000;0x0000;0x0000;0x0000
0x3F6;0x0000;0x0000;0x0000;0x0000;0x0000;0x0000;0x0000;0x0000;0x0000;0x0000
0x3F7;0x0000;0x0000;0x0000;0x0000;0x0000;0x0000;0x0000;0x0000;0x0000;0x0000
0x3F8;0x0000;0x0000;0x0000;0x0000;0x0000;0x0000;0x0000;0x0000;0x0000;0x0000
0x3F9;0x0000;0x0000;0x0000;0x0000;0x0000;0x0000;0x0000;0x0000;0x0000;0x0000
0x3FA;0x0000;0x0000;0x0000;0x0000;0x0000;0x0000;0x0000;0x0000;0x0000;0x0000
0x3FB;0x0000;0x0000;0x0000;0x0000;0x0000;0x0000;0x0000;0x0000;0x0000;0x0000
0x3FC;0x0000;0x0000;0x0000;0x0000;0x0000;0x0000;0x0000;0x0000;0x0000;0x0000
0x3FD;0x0000;0x0000;0x0000;0x0000;0x0000;0x0000;0x0000;0x0000;0x0000;0x0000
0x3FE;0x0000;0x0000;0x0000;0x0000;0x0000;0x0000;0x0000;0x0000;0x0000;0x0000
0x3FF;0x0000;0x0000;0x0000;0x0000;0x0000;0x0000;0x0000;0x0000;0x0000;0x0000
0x400;0x0000;0x0000;0x0000;0x0000;0x0000;0x0000;0x0000;0x0000;0x0000;0x0000
0x401;0x0000;0x0000;0x0000;0x0000;0x0000;0x0000;0x0000;0x0000;0x0000;0x0000
0x402;0x0000;0x0000;0x0000;0x0000;0x0000;0x0000;0x0000;0x0000;0x0000;0x0000
0x403;0x0000;0x0000;0x0000;0x0000;0x0000;0x0000;0x0000;0x0000;0x0000;0x0000
0x404;0x0000;0x0000;0x0000;0x0000;0x0000;0x0000;0x0000;0x0000;0x0000;0x0000
0x405;0x0000;0x0000;0x0000;0x0000;0x0000;0x0000;0x0000;0x0000;0x0000;0x0000
0x406;0x0000;0x0000;0x0000;0x0000;0x0000;0x0000;0x0000;0x0000;0x0000;0x0000
0x407;0x0000;0x0000;0x0000;0x0000;0x0000;0x0000;0x0000;0x0000;0x0000;0x0000
0x408;0x0000;0x0000;0x0000;0x0000;0x0000;0x0000;0x0000;0x0000;0x0000;0x0000
0x409;0x0000;0x0000;0x0000;0x0000;0x0000;0x0000;0x0000;0x0000;0x0000;0x0000
0x40A;0x0000;0x0000;0x0000;0x0000;0x0000;0x0000;0x0000;0x0000;0x0000;0x0000
0x40B;0x0000;0x0000;0x0000;0x0000;0x0000;0x0000;0x0000;0x0000;0x0000;0x0000
0x40C;0x0000;0x0000;0x0000;0x0000;0x0000;0x0000;0x0000;0x0000;0x0000;0x0000
0x40D;0x0000;0x0000;0x0000;0x0000;0x0000;0x0000;0x0000;0x0000;0x0000;0x0000
0x40E;0x0000;0x0000;0x0000;0x0000;0x0000;0x0000;0x0000;0x0000;0x0000;0x0000
0x40F;0x0000;0x0000;0x0000;0x0000;0x0000;0x0000;0x0000;0x0000;0x0000;0x0000
0x410;0x0000;0x0000;0x0000;0x0000;0x0000;0x0000;0x0000;0x0000;0x0000;0x0000
0x411;0x0000;0x0000;0x0000;0x0000;0x0000;0x0000;0x0000;0x0000;0x0000;0x0000
0x412;0x0000;0x0000;0x0000;0x0000;0x0000;0x0000;0x0000;0x0000;0x0000;0x0000
0x413;0x0000;0x0000;0x0000;0x0000;0x0000;0x0000;0x0000;0x0000;0x0000;0x0000
0x414;0x0000;0x0000;0x0000;0x0000;0x0000;0x0000;0x0000;0x0000;0x0000;0x0000
0x415;0x0000;0x0000;0x0000;0x0000;0x0000;0x0000;0x0000;0x0000;0x0000;0x0000
0x416;0x0000;0x0000;0x0000;0x0000;0x0000;0x0000;0x0000;0x0000;0x0000;0x0000
0x417;0x0000;0x0000;0x0000;0x0000;0x0000;0x0000;0x0000;0x0000;0x0000;0x0000
0x418;0x0000;0x0000;0x0000;0x0000;0x0000;0x0000;0x0000;0x0000;0x0000;0x0000
0x419;0x0000;0x0000;0x0000;0x0000;0x0000;0x0000;0x0000;0x0000;0x0000;0x0000
0x41A;0x0000;0x0000;0x0000;0x0000;0x0000;0x0000;0x0000;0x0000;0x0000;0x0000
0x41B;0x0000;0x0000;0x0000;0x0000;0x0000;0x0000;0x0000;0x0000;0x0000;0x0000
0x41C;0x0000;0x0000;0x0000;0x0000;0x0000;0x0000;0x0000;0x0000;0x0000;0x0000
0x41D;0x0000;0x0000;0x0000;0x0000;0x0000;0x0000;0x0000;0x0000;0x0000;0x0000
0x41E;0x0000;0x0000;0x0000;0x0000;0x0000;0x0000;0x0000;0x0000;0x0000;0x0000
0x41F;0x0000;0x0000;0x0000;0x0000;0x0000;0x0000;0x0000;0x0000;0x0000;0x0000
0x420;0x0000;0x0000;0x0000;0x0000;0x0000;0x0000;0x0000;0x0000;0x0000;0x0000
0x421;0x0000;0x0000;0x0000;0x0000;0x0000;0x0000;0x0000;0x0000;0x0000;0x0000
0x422;0x0000;0x0000;0x0000;0x0000;0x0000;0x0000;0x0000;0x0000;0x0000;0x0000
0x423;0x0000;0x0000;0x0000;0x0000;0x0000;0x0000;0x0000;0x0000;0x0000;0x0000
0x424;0x0000;0x0000;0x0000;0x0000;0x0000;0x0000;0x0000;0x0000;0x0000;0x0000
0x425;0x0000;0x0000;0x0000;0x0000;0x0000;0x0000;0x0000;0x0000;0x0000;0x0000
0x426;0x0000;0x0000;0x0000;0x0000;0x0000;0x0000;0x0000;0x0000;0x0000;0x0000
0x427;0x0000;0x0000;0x0000;0x0000;0x0000;0x0000;0x0000;0x0000;0x0000;0x0000
0x428;0x0000;0x0000;0x0000;0x0000;0x0000;0x0000;0x0000;0x0000;0x0000;0x0000
0x429;0x0000;0x0000;0x0000;0x0000;0x0000;0x0000;0x0000;0x0000;0x0000;0x0000
0x42A;0x0000;0x0000;0x0000;0x0000;0x0000;0x0000;0x0000;0x0000;0x0000;0x0000
0x42B;0x0000;0x0000;0x0000;0x0000;0x0000;0x0000;0x0000;0x0000;0x0000;0x0000
0x42C;0x0000;0x0000;0x0000;0x0000;0x0000;0x0000;0x0000;0x0000;0x0000;0x0000
0x42D;0x0000;0x0000;0x0000;0x0000;0x0000;0x0000;0x0000;0x0000;0x0000;0x0000
0x42E;0x0000;0x0000;0x0000;0x0000;0x0000;0x0000;0x0000;0x0000;0x0000;0x0000
0x42F;0x0000;0x0000;0x0000;0x0000;0x0000;0x0000;0x0000;0x0000;0x0000;0x0000
0x430;0x0000;0x0000;0x0000;0x0000;0x0000;0x0000;0x0000;0x0000;0x0000;0x0000
0x431;0x0000;0x0000;0x0000;0x0000;0x0000;0x0000;0x0000;0x0000;0x0000;0x0000
0x432;0x0000;0x0000;0x0000;0x0000;0x0000;0x0000;0x0000;0x0000;0x0000;0x0000
0x433;0x0000;0x0000;0x0000;0x0000;0x0000;0x0000;0x0000;0x0000;0x0000;0x0000
0x434;0x0000;0x0000;0x0000;0x0000;0x0000;0x0000;0x0000;0x0000;0x0000;0x0000
0x435;0x0000;0x0000;0x0000;0x0000;0x0000;0x0000;0x0000;0x0000;0x0000;0x0000
0x436;0x0000;0x0000;0x0000;0x0000;0x0000;0x0000;0x0000;0x0000;0x0000;0x0000
0x437;0x0000;0x0000;0x0000;0x0000;0x0000;0x0000;0x0000;0x0000;0x0000;0x0000
0x438;0x0000;0x0000;0x0000;0x0000;0x0000;0x0000;0x0000;0x0000;0x0000;0x0000
0x439;0x0000;0x0000;0x0000;0x0000;0x0000;0x0000;0x0000;0x0000;0x0000;0x0000
0x43A;0x0000;0x0000;0x0000;0x0000;0x0000;0x0000;0x0000;0x0000;0x0000;0x0000
0x43B;0x0000;0x0000;0x0000;0x0000;0x0000;0x0000;0x0000;0x0000;0x0000;0x0000
0x43C;0x0000;0x0000;0x0000;0x0000;0x0000;0x0000;0x0000;0x0000;0x0000;0x0000
0x43D;0x0000;0x0000;0x0000;0x0000;0x0000;0x0000;0x0000;0x0000;0x0000;0x0000
0x43E;0x0000;0x0000;0x0000;0x0000;0x0000;0x0000;0x0000;0x0000;0x0000;0x0000
0x43F;0x0000;0x0000;0x0000;0x0000;0x0000;0x0000;0x0000;0x0000;0x0000;0x0000
0x440;0x0000;0x0000;0x0000;0x0000;0x0000;0x0000;0x0000;0x0000;0x0000;0x0000
0x441;0x0000;0x0000;0x0000;0x0000;0x0000;0x0000;0x0000;0x0000;0x0000;0x0000
0x442;0x0000;0x0000;0x0000;0x0000;0x0000;0x0000;0x0000;0x0000;0x0000;0x0000
0x443;0x0000;0x0000;0x0000;0x0000;0x0000;0x0000;0x0000;0x0000;0x0000;0x0000
0x444;0x0000;0x0000;0x0000;0x0000;0x0000;0x0000;0x0000;0x0000;0x0000;0x0000
0x445;0x0000;0x0000;0x0000;0x0000;0x0000;0x0000;0x0000;0x0000;0x0000;0x0000
0x446;0x0000;0x0000;0x0000;0x0000;0x0000;0x0000;0x0000;0x0000;0x0000;0x0000
0x447;0x0000;0x0000;0x0000;0x0000;0x0000;0x0000;0x0000;0x0000;0x0000;0x0000
0x448;0x0000;0x0000;0x0000;0x0000;0x0000;0x0000;0x0000;0x0000;0x0000;0x0000
0x449;0x0000;0x0000;0x0000;0x0000;0x0000;0x0000;0x0000;0x0000;0x0000;0x0000
0x44A;0x0000;0x0000;0x0000;0x0000;0x0000;0x0000;0x0000;0x0000;0x0000;0x0000
0x44B;0x0000;0x0000;0x0000;0x0000;0x0000;0x0000;0x0000;0x0000;0x0000;0x0000
0x44C;0x0000;0x0000;0x0000;0x0000;0x0000;0x0000;0x0000;0x0000;0x0000;0x0000
0x44D;0x0000;0x0000;0x0000;0x0000;0x0000;0x0000;0x0000;0x0000;0x0000;0x0000
0x44E;0x0000;0x0000;0x0000;0x0000;0x0000;0x0000;0x0000;0x0000;0x0000;0x0000
0x44F;0x0000;0x0000;0x0000;0x0000;0x0000;0x0000;0x0000;0x0000;0x0000;0x0000
0x450;0x0000;0x0000;0x0000;0x0000;0x0000;0x0000;0x0000;0x0000;0x0000;0x0000
0x451;0x0000;0x0000;0x0000;0x0000;0x0000;0x0000;0x0000;0x0000;0x0000;0x0000
0x452;0x0000;0x0000;0x0000;0x0000;0x0000;0x0000;0x0000;0x0000;0x0000;0x0000
0x453;0x0000;0x0000;0x0000;0x0000;0x0000;0x0000;0x0000;0x0000;0x0000;0x0000
0x454;0x0000;0x0000;0x0000;0x0000;0x0000;0x0000;0x0000;0x0000;0x0000;0x0000
0x455;0x0000;0x0000;0x0000;0x0000;0x0000;0x0000;0x0000;0x0000;0x0000;0x0000
0x456;0x0000;0x0000;0x0000;0x0000;0x0000;0x0000;0x0000;0x0000;0x0000;0x0000
0x457;0x0000;0x0000;0x0000;0x0000;0x0000;0x0000;0x0000;0x0000;0x0000;0x0000
0x458;0x0000;0x0000;0x0000;0x0000;0x0000;0x0000;0x0000;0x0000;0x0000;0x0000
0x459;0x0000;0x0000;0x0000;0x0000;0x0000;0x0000;0x0000;0x0000;0x0000;0x0000
0x45A;0x0000;0x0000;0x0000;0x0000;0x0000;0x0000;0x0000;0x0000;0x0000;0x0000
0x45B;0x0000;0x0000;0x0000;0x0000;0x0000;0x0000;0x0000;0x0000;0x0000;0x0000
0x45C;0x0000;0x0000;0x0000;0x0000;0x0000;0x0000;0x0000;0x0000;0x0000;0x0000
0x45D;0x0000;0x0000;0x0000;0x0000;0x0000;0x0000;0x0000;0x0000;0x0000;0x0000
0x45E;0x0000;0x0000;0x0000;0x0000;0x0000;0x0000;0x0000;0x0000;0x0000;0x0000
0x45F;0x0000;0x0000;0x0000;0x0000;0x0000;0x0000;0x0000;0x0000;0x0000;0x0000
0x460;0x0000;0x0000;0x0000;0x0000;0x0000;0x0000;0x0000;0x0000;0x0000;0x0000
0x461;0x0000;0x0000;0x0000;0x0000;0x0000;0x0000;0x0000;0x0000;0x0000;0x0000
0x462;0x0000;0x0000;0x0000;0x0000;0x0000;0x0000;0x0000;0x0000;0x0000;0x0000
0x463;0x0000;0x0000;0x0000;0x0000;0x0000;0x0000;0x0000;0x0000;0x0000;0x0000
0x464;0x0000;0x0000;0x0000;0x0000;0x0000;0x0000;0x0000;0x0000;0x0000;0x0000
0x465;0x0000;0x0000;0x0000;0x0000;0x0000;0x0000;0x0000;0x0000;0x0000;0x0000
0x466;0x0000;0x0000;0x0000;0x0000;0x0000;0x0000;0x0000;0x0000;0x0000;0x0000
0x467;0x0000;0x0000;0x0000;0x0000;0x0000;0x0000;0x0000;0x0000;0x0000;0x0000
0x468;0x0000;0x0000;0x0000;0x0000;0x0000;0x0000;0x0000;0x0000;0x0000;0x0000
0x469;0x0000;0x0000;0x0000;0x0000;0x0000;0x0000;0x0000;0x0000;0x0000;0x0000
0x46A;0x0000;0x0000;0x0000;0x0000;0x0000;0x0000;0x0000;0x0000;0x0000;0x0000
0x46B;0x0000;0x0000;0x0000;0x0000;0x0000;0x0000;0x0000;0x0000;0x0000;0x0000
0x46C;0x0000;0x0000;0x0000;0x0000;0x0000;0x0000;0x0000;0x0000;0x0000;0x0000
0x46D;0x0000;0x0000;0x0000;0x0000;0x0000;0x0000;0x0000;0x0000;0x0000;0x0000
0x46E;0x0000;0x0000;0x0000;0x0000;0x0000;0x0000;0x0000;0x0000;0x0000;0x0000
0x46F;0x0000;0x0000;0x0000;0x0000;0x0000;0x0000;0x0000;0x0000;0x0000;0x0000
0x470;0x0000;0x0000;0x0000;0x0000;0x0000;0x0000;0x0000;0x0000;0x0000;0x0000
0x471;0x0000;0x0000;0x0000;0x0000;0x0000;0x0000;0x0000;0x0000;0x0000;0x0000
0x472;0x0000;0x0000;0x0000;0x0000;0x0000;0x0000;0x0000;0x0000;0x0000;0x0000
0x473;0x0000;0x0000;0x0000;0x0000;0x0000;0x0000;0x0000;0x0000;0x0000;0x0000
0x474;0x0000;0x0000;0x0000;0x0000;0x0000;0x0000;0x0000;0x0000;0x0000;0x0000
0x475;0x0000;0x0000;0x0000;0x0000;0x0000;0x0000;0x0000;0x0000;0x0000;0x0000
0x476;0x0000;0x0000;0x0000;0x0000;0x0000;0x0000;0x0000;0x0000;0x0000;0x0000
0x477;0x0000;0x0000;0x0000;0x0000;0x0000;0x0000;0x0000;0x0000;0x0000;0x0000
0x478;0x0000;0x0000;0x0000;0x0000;0x0000;0x0000;0x0000;0x0000;0x0000;0x0000
0x479;0x0000;0x0000;0x0000;0x0000;0x0000;0x0000;0x0000;0x0000;0x0000;0x0000
0x47A;0x0000;0x0000;0x0000;0x0000;0x0000;0x0000;0x0000;0x0000;0x0000;0x0000
0x47B;0x0000;0x0000;0x0000;0x0000;0x0000;0x0000;0x0000;0x0000;0x0000;0x0000
0x47C;0x0000;0x0000;0x0000;0x0000;0x0000;0x0000;0x0000;0x0000;0x0000;0x0000
0x47D;0x0000;0x0000;0x0000;0x0000;0x0000;0x0000;0x0000;0x0000;0x0000;0x0000
0x47E;0x0000;0x0000;0x0000;0x0000;0x0000;0x0000;0x0000;0x0000;0x0000;0x0000
0x47F;0x0000;0x0000;0x0000;0x0000;0x0000;0x0000;0x0000;0x0000;0x0000;0x0000
0x480;0x0000;0x0000;0x0000;0x0000;0x0000;0x0000;0x0000;0x0000;0x0000;0x0000
0x481;0x0000;0x0000;0x0000;0x0000;0x0000;0x0000;0x0000;0x0000;0x0000;0x0000
0x482;0x0000;0x0000;0x0000;0x0000;0x0000;0x0000;0x0000;0x0000;0x0000;0x0000
0x483;0x0000;0x0000;0x0000;0x0000;0x0000;0x0000;0x0000;0x0000;0x0000;0x0000
0x484;0x0000;0x0000;0x0000;0x0000;0x0000;0x0000;0x0000;0x0000;0x0000;0x0000
0x485;0x0000;0x0000;0x0000;0x0000;0x0000;0x0000;0x0000;0x0000;0x0000;0x0000
0x486;0x0000;0x0000;0x0000;0x0000;0x0000;0x0000;0x0000;0x0000;0x0000;0x0000
0x487;0x0000;0x0000;0x0000;0x0000;0x0000;0x0000;0x0000;0x0000;0x0000;0x0000
0x488;0x0000;0x0000;0x0000;0x0000;0x0000;0x0000;0x0000;0x0000;0x0000;0x0000
0x489;0x0000;0x0000;0x0000;0x0000;0x0000;0x0000;0x0000;0x0000;0x0000;0x0000
0x48A;0x0000;0x0000;0x0000;0x0000;0x0000;0x0000;0x0000;0x0000;0x0000;0x0000
0x48B;0x0000;0x0000;0x0000;0x0000;0x0000;0x0000;0x0000;0x0000;0x0000;0x0000
0x48C;0x0000;0x0000;0x0000;0x0000;0x0000;0x0000;0x0000;0x0000;0x0000;0x0000
0x48D;0x0000;0x0000;0x0000;0x0000;0x0000;0x0000;0x0000;0x0000;0x0000;0x0000
0x48E;0x0000;0x0000;0x0000;0x0000;0x0000;0x0000;0x0000;0x0000;0x0000;0x0000
0x48F;0x0000;0x0000;0x0000;0x0000;0x0000;0x0000;0x0000;0x0000;0x0000;0x0000
0x490;0x0000;0x0000;0x0000;0x0000;0x0000;0x0000;0x0000;0x0000;0x0000;0x0000
0x491;0x0000;0x0000;0x0000;0x0000;0x0000;0x0000;0x0000;0x0000;0x0000;0x0000
0x492;0x0000;0x0000;0x0000;0x0000;0x0000;0x0000;0x0000;0x0000;0x0000;0x0000
0x493;0x0000;0x0000;0x0000;0x0000;0x0000;0x0000;0x0000;0x0000;0x0000;0x0000
0x494;0x0000;0x0000;0x0000;0x0000;0x0000;0x0000;0x0000;0x0000;0x0000;0x0000
0x495;0x0000;0x0000;0x0000;0x0000;0x0000;0x0000;0x0000;0x0000;0x0000;0x0000
0x496;0x0000;0x0000;0x0000;0x0000;0x0000;0x0000;0x0000;0x0000;0x0000;0x0000
0x497;0x0000;0x0000;0x0000;0x0000;0x0000;0x0000;0x0000;0x0000;0x0000;0x0000
0x498;0x0000;0x0000;0x0000;0x0000;0x0000;0x0000;0x0000;0x0000;0x0000;0x0000
0x499;0x0000;0x0000;0x0000;0x0000;0x0000;0x0000;0x0000;0x0000;0x0000;0x0000
0x49A;0x0000;0x0000;0x0000;0x0000;0x0000;0x0000;0x0000;0x0000;0x0000;0x0000
0x49B;0x0000;0x0000;0x0000;0x0000;0x0000;0x0000;0x0000;0x0000;0x0000;0x0000
0x49C;0x0000;0x0000;0x0000;0x0000;0x0000;0x0000;0x0000;0x0000;0x0000;0x0000
0x49D;0x0000;0x0000;0x0000;0x0000;0x0000;0x0000;0x0000;0x0000;0x0000;0x0000
0x49E;0x0000;0x0000;0x0000;0x0000;0x0000;0x0000;0x0000;0x0000;0x0000;0x0000
0x49F;0x0000;0x0000;0x0000;0